x,y,curvature
346474.531794,4070214.647149,0.0
346474.810121,4070214.357025,0.0
346475.088447,4070214.066902,0.0
346475.366774,4070213.776778,0.0
346475.6451,4070213.486654,0.0
346475.923427,4070213.19653,0.0
346476.201754,4070212.906406,0.0
346476.48008,4070212.616282,0.0
346476.758407,4070212.326158,0.0
346477.036733,4070212.036034,0.0
346477.31506,4070211.74591,0.0
346477.593387,4070211.455786,0.0
346477.871713,4070211.165662,0.0
346478.15004,4070210.875538,0.0
346478.428366,4070210.585414,0.0
346478.706693,4070210.29529,0.0
346478.985019,4070210.005166,0.0
346479.263346,4070209.715042,0.0
346479.541673,4070209.424918,0.0
346479.819999,4070209.134794,0.0
346480.098326,4070208.844671,0.0
346480.376652,4070208.554547,0.0
346480.654979,4070208.264423,0.0
346480.933306,4070207.974299,0.0
346481.211632,4070207.684175,0.0
346481.489959,4070207.394051,0.0
346481.768285,4070207.103927,0.0
346482.046612,4070206.813803,0.0
346482.324938,4070206.523679,0.0
346482.603265,4070206.233555,0.0
346482.881592,4070205.943431,0.0
346483.159918,4070205.653307,0.0
346483.438245,4070205.363183,0.0
346483.716571,4070205.073059,0.0
346483.994898,4070204.782935,0.0
346484.273225,4070204.492811,0.0
346484.551551,4070204.202687,0.0
346484.829878,4070203.912564,0.0
346485.108204,4070203.62244,0.0
346485.386531,4070203.332316,0.0
346485.664857,4070203.042192,0.0
346485.943184,4070202.752068,0.0
346486.221511,4070202.461944,0.0
346486.499837,4070202.17182,0.0
346486.778164,4070201.881696,0.0
346487.05649,4070201.591572,0.0
346487.334817,4070201.301448,0.0
346487.613144,4070201.011324,0.0
346487.89147,4070200.7212,0.0
346488.169797,4070200.431076,0.0
346488.448123,4070200.140952,0.0
346488.72645,4070199.850828,0.0
346489.004776,4070199.560704,0.0
346489.283103,4070199.27058,0.0
346489.56143,4070198.980456,0.0
346489.839756,4070198.690333,0.0
346490.118083,4070198.400209,0.0
346490.396409,4070198.110085,0.0
346490.674736,4070197.819961,0.0
346490.953063,4070197.529837,0.0
346491.231389,4070197.239713,0.0
346491.509716,4070196.949589,0.0
346491.788042,4070196.659465,0.0
346492.066369,4070196.369341,0.0
346492.344695,4070196.079217,0.0
346492.623022,4070195.789093,0.0
346492.901349,4070195.498969,0.0
346493.179675,4070195.208845,0.0
346493.458002,4070194.918721,0.0
346493.736328,4070194.628597,0.0
346494.014655,4070194.338473,0.0
346494.292982,4070194.048349,0.0
346494.571308,4070193.758226,0.0
346494.849635,4070193.468102,0.0
346495.127961,4070193.177978,0.0
346495.406288,4070192.887854,0.0
346495.684614,4070192.59773,0.0
346495.962941,4070192.307606,0.0
346496.241268,4070192.017482,0.0
346496.519594,4070191.727358,0.0
346496.797921,4070191.437234,0.0
346497.076247,4070191.14711,0.0
346497.354574,4070190.856986,0.0
346497.632901,4070190.566862,0.0
346497.911227,4070190.276738,0.0
346498.189554,4070189.986614,0.0
346498.46788,4070189.69649,0.0
346498.746207,4070189.406366,0.0
346499.024533,4070189.116242,0.0
346499.30286,4070188.826118,0.0
346499.581187,4070188.535995,0.0
346499.859513,4070188.245871,0.0
346500.13784,4070187.955747,0.0010267239123473262
346500.416166,4070187.665623,0.0011543890977272274
346500.694493,4070187.375499,0.0012820489925166754
346500.972302,4070187.082906,0.001153248112948695
346501.25011,4070186.790312,0.0010244985380782855
346501.527919,4070186.497719,0.0
346501.805727,4070186.205126,0.0
346502.083536,4070185.912533,0.0
346502.361345,4070185.619939,0.0
346502.639153,4070185.327346,0.0
346502.916962,4070185.034753,0.0
346503.19477,4070184.74216,0.0
346503.472579,4070184.449566,0.0
346503.750388,4070184.156973,0.0
346504.028196,4070183.86438,0.0
346504.306005,4070183.571787,0.0
346504.583813,4070183.279193,0.0
346504.861622,4070182.9866,0.0
346505.139431,4070182.694007,0.0
346505.417239,4070182.401414,0.0
346505.695048,4070182.10882,0.0
346505.972856,4070181.816227,0.0
346506.250665,4070181.523634,0.0
346506.528474,4070181.231041,0.0
346506.806282,4070180.938448,0.0
346507.084091,4070180.645854,0.0
346507.361899,4070180.353261,0.0
346507.639708,4070180.060668,0.0
346507.917517,4070179.768075,0.0
346508.195325,4070179.475481,0.0
346508.473134,4070179.182888,0.0
346508.750942,4070178.890295,0.0
346509.028751,4070178.597702,0.0
346509.30656,4070178.305108,0.0
346509.584368,4070178.012515,0.0
346509.862177,4070177.719922,0.0
346510.139985,4070177.427329,0.0
346510.417794,4070177.134735,0.0
346510.695603,4070176.842142,0.0
346510.973411,4070176.549549,0.0
346511.25122,4070176.256956,0.0
346511.529028,4070175.964362,0.0014382180898093295
346511.806837,4070175.671769,0.0032197140505233995
346512.084646,4070175.379176,0.004927234931329093
346512.362454,4070175.086583,0.006563839420468793
346512.640263,4070174.79399,0.008132664623299878
346512.918071,4070174.501396,0.02039361516527639
346513.19588,4070174.208803,0.031502523762208724
346513.473689,4070173.91621,0.04622301162408712
346513.751497,4070173.623617,0.0674917662551494
346514.145495,4070173.189267,0.10140151935319541
346514.539493,4070172.754918,0.13586094150852535
346514.834368,4070172.394487,0.16297486770273487
346515.129244,4070172.034055,0.18855085300032848
346515.424119,4070171.673624,0.21081083699922992
346515.718995,4070171.313192,0.22851581732956291
346515.887449,4070170.749721,0.23651561937448115
346516.055903,4070170.186251,0.2426310698937752
346516.004893,4070169.832035,0.24031827698852773
346515.896738,4070169.279083,0.23646358708248824
346515.537457,4070168.664057,0.22450273584968172
346515.164909,4070168.304521,0.20163736396007292
346514.86332,4070167.989687,0.17727640975212416
346514.561731,4070167.674853,0.14944121360962587
346514.260142,4070167.360019,0.12003631749216741
346513.958553,4070167.045184,0.09109120950890397
346513.656965,4070166.73035,0.06659799697070976
346513.355376,4070166.415516,0.04147556503776506
346513.053787,4070166.100682,0.031352881975838194
346512.758134,4070165.818084,0.01629023462827582
346512.462482,4070165.535486,0.007363761718295797
346512.166829,4070165.252887,0.007510362942469618
346511.871177,4070164.970289,0.006499409320974703
346511.575524,4070164.687691,0.005468375715611226
346511.279871,4070164.405093,0.004416968078574173
346510.984219,4070164.122495,0.0033448783637817013
346510.688566,4070163.839897,0.0022515108388971392
346510.392914,4070163.557298,0.0011368394724844714
346510.097261,4070163.2747,0.0
346509.801609,4070162.992102,0.0
346509.505956,4070162.709504,0.0
346509.210303,4070162.426906,0.0
346508.914651,4070162.144308,0.0
346508.618998,4070161.861709,0.0
346508.323346,4070161.579111,0.0
346508.027693,4070161.296513,0.0
346507.732041,4070161.013915,0.0
346507.436388,4070160.731317,0.0
346507.140735,4070160.448719,0.0
346506.845083,4070160.16612,0.0
346506.54943,4070159.883522,0.0
346506.253778,4070159.600924,0.0
346505.958125,4070159.318326,0.0
346505.662473,4070159.035728,0.0
346505.36682,4070158.75313,0.0
346505.071167,4070158.470531,0.0
346504.775515,4070158.187933,0.0
346504.479862,4070157.905335,0.0
346504.18421,4070157.622737,0.0
346503.888557,4070157.340139,0.0
346503.592904,4070157.057541,0.0
346503.297252,4070156.774942,0.0010413939259189934
346503.001599,4070156.492344,0.0011735221350455897
346502.705947,4070156.209746,0.0013060905973783044
346502.4121,4070155.931846,0.0011774609877281122
346502.118253,4070155.653945,0.0010484426544199543
346501.824406,4070155.376045,0.0
346501.530559,4070155.098145,0.0
346501.236711,4070154.820244,0.0
346500.942864,4070154.542344,0.0
346500.649017,4070154.264444,0.0
346500.35517,4070153.986543,0.0
346500.061323,4070153.708643,0.0
346499.767476,4070153.430742,0.0
346499.473629,4070153.152842,0.0
346499.179782,4070152.874942,0.0
346498.885935,4070152.597041,0.0
346498.592088,4070152.319141,0.0
346498.298241,4070152.041241,0.0
346498.004394,4070151.76334,0.0
346497.710547,4070151.48544,0.0
346497.4167,4070151.20754,0.0
346497.122853,4070150.929639,0.0
346496.829006,4070150.651739,0.0
346496.535159,4070150.373839,0.0
346496.241312,4070150.095938,0.0
346495.947465,4070149.818038,0.0
346495.653617,4070149.540137,0.0
346495.35977,4070149.262237,0.0
346495.065923,4070148.984337,0.0
346494.772076,4070148.706436,0.0
346494.478229,4070148.428536,0.0
346494.184382,4070148.150636,0.0
346493.890535,4070147.872735,0.0
346493.596688,4070147.594835,0.0
346493.302841,4070147.316935,0.0
346493.008994,4070147.039034,0.0
346492.715147,4070146.761134,0.0
346492.4213,4070146.483234,0.0
346492.127453,4070146.205333,0.0
346491.833606,4070145.927433,0.0
346491.539759,4070145.649532,0.0
346491.245912,4070145.371632,0.0
346490.952065,4070145.093732,0.0
346490.658218,4070144.815831,0.0
346490.36437,4070144.537931,0.0
346490.070523,4070144.260031,0.0
346489.776676,4070143.98213,0.0
346489.482829,4070143.70423,0.0
346489.188982,4070143.42633,0.0
346488.895135,4070143.148429,0.0
346488.601288,4070142.870529,0.0
346488.307441,4070142.592629,0.0
346488.013594,4070142.314728,0.0
346487.719747,4070142.036828,0.001168301837342813
346487.4259,4070141.758927,0.0022386205180575315
346487.132053,4070141.481027,0.0032205226968699727
346486.838206,4070141.203127,0.002819973336962212
346486.544359,4070140.925226,0.002449365588317878
346486.250512,4070140.647326,0.0021060691033041395
346485.956665,4070140.369426,0.0027376283732185457
346485.662818,4070140.091525,0.0033670914362330935
346485.368971,4070139.813625,0.003994669727969822
346485.075124,4070139.535725,0.002110004888153495
346484.708258,4070139.16129,0.0025760244838855784
346484.341392,4070138.786856,0.007091307723868361
346483.974526,4070138.412422,0.011442846572416149
346483.587098,4070138.053155,0.0235907943695113
346483.199671,4070137.693887,0.03579509113592401
346482.812243,4070137.33462,0.04789239248657729
346482.524266,4070137.043852,0.06560906988644795
346482.236288,4070136.753084,0.08289045129426205
346481.94831,4070136.462316,0.09933212021170529
346481.604133,4070136.191054,0.11134343167032805
346481.187749,4070135.876699,0.12723817306022392
346480.771365,4070135.562344,0.14344195939624146
346480.354981,4070135.247989,0.15940827496315052
346479.838181,4070135.142599,0.1600610736224901
346479.321382,4070135.03721,0.15985118221597414
346478.804582,4070134.93182,0.15877639798965085
346478.341122,4070134.978993,0.144455564911136
346477.877662,4070135.026166,0.12965213948203458
346477.414202,4070135.073338,0.1147617918023904
346476.950742,4070135.120511,0.09682943266796812
346476.565871,4070135.234708,0.07286139400994908
346476.181,4070135.348906,0.04805868231017277
346475.79613,4070135.463103,0.015644112970877255
346475.292909,4070135.616421,0.01024870015742873
346474.789688,4070135.769738,0.036387816331214545
346474.286467,4070135.923056,0.06802932575581645
346473.788599,4070136.042984,0.08927785229138696
346473.290731,4070136.162912,0.10959323051564529
346472.792862,4070136.28284,0.12989950476383638
346472.260138,4070136.285016,0.14138980280073316
346471.727414,4070136.287193,0.14810428670974932
346471.194689,4070136.28937,0.15494311829438173
346470.714907,4070136.090833,0.150219789424591
346470.235125,4070135.892296,0.146120360772367
346469.755344,4070135.693759,0.14143521117033808
346469.347686,4070135.36815,0.12679614905868986
346468.940028,4070135.042541,0.11196206125211974
346468.53237,4070134.716931,0.09619831806313513
346468.163127,4070134.375834,0.07709347070194855
346467.793883,4070134.034737,0.062078523709036125
346467.424639,4070133.69364,0.04657188248462271
346467.118247,4070133.413376,0.03155573121966579
346466.811856,4070133.133113,0.02489086445704192
346466.505464,4070132.852849,0.01777789188616245
346466.199073,4070132.572586,0.010223051546751521
346465.905208,4070132.290274,0.00823892784518079
346465.611344,4070132.007962,0.006093180339832906
346465.31748,4070131.725651,0.003771848029927066
346465.023615,4070131.443339,0.00335260143643395
346464.729751,4070131.161027,0.0029024737591385736
346464.435886,4070130.878716,0.002419103316917472
346464.142022,4070130.596404,0.0018194007759734618
346463.848158,4070130.314092,0.00121629062965506
346463.554293,4070130.03178,0.0
346463.260429,4070129.749469,0.0
346462.966565,4070129.467157,0.0
346462.6727,4070129.184845,0.0
346462.378836,4070128.902533,0.0
346462.084971,4070128.620222,0.0
346461.791107,4070128.33791,0.0
346461.497243,4070128.055598,0.0
346461.203378,4070127.773286,0.0
346460.909514,4070127.490975,0.0
346460.61565,4070127.208663,0.0
346460.321785,4070126.926351,0.0
346460.027921,4070126.64404,0.0
346459.734057,4070126.361728,0.0
346459.440192,4070126.079416,0.0
346459.146328,4070125.797104,0.0
346458.852463,4070125.514793,0.0
346458.558599,4070125.232481,0.0
346458.264735,4070124.950169,0.0
346457.97087,4070124.667857,0.0011446381277510967
346457.677006,4070124.385546,0.0015224569233130223
346457.383142,4070124.103234,0.0018985237240128747
346457.089277,4070123.820922,0.002272679616612833
346456.795413,4070123.53861,0.0026450518671823384
346456.501549,4070123.256299,0.0030156070794112723
346456.207684,4070122.973987,0.003384272992391726
346455.91382,4070122.691675,0.00375130335001426
346455.610781,4070122.4094,0.0033679427691923453
346455.307742,4070122.127124,0.002986460980555601
346455.004703,4070121.844848,0.002606849549736329
346454.701664,4070121.562573,0.0022290191579525274
346454.398625,4070121.280297,0.001853004162572793
346454.095586,4070120.998021,0.0014788382929149617
346453.792547,4070120.715745,0.0011064334224045755
346453.489508,4070120.43347,0.0
346453.186469,4070120.151194,0.0
346452.88343,4070119.868918,0.0
346452.580391,4070119.586643,0.0
346452.277352,4070119.304367,0.0
346451.974313,4070119.022091,0.0
346451.671274,4070118.739816,0.0
346451.368235,4070118.45754,0.0
346451.065196,4070118.175264,0.0
346450.762157,4070117.892988,0.0
346450.459118,4070117.610713,0.0
346450.156079,4070117.328437,0.0
346449.85304,4070117.046161,0.0
346449.550001,4070116.763886,0.008137671706159349
346449.246962,4070116.48161,0.013556688179002468
346448.943923,4070116.199334,0.020708082687973445
346448.640884,4070115.917059,0.026732804037724888
346448.337845,4070115.634783,0.0345954931345348
346448.034806,4070115.352507,0.049439119629402686
346447.731767,4070115.070232,0.06069375951606174
346447.42911,4070114.790826,0.07132173501213472
346447.126453,4070114.511421,0.08306050873520127
346446.823796,4070114.232016,0.09431852630486827
346446.445707,4070114.061247,0.09636380198085688
346445.912682,4070113.715696,0.10409749556361524
346445.371729,4070113.425778,0.11180066504305813
346444.82165,4070113.124926,0.1220449501603336
346444.344974,4070112.933733,0.1324031959842288
346443.610638,4070112.81376,0.13632959738303685
346443.145282,4070112.755538,0.14279295289533864
346442.679926,4070112.697317,0.14866408159319977
346442.237683,4070112.683072,0.15111264268168972
346441.79544,4070112.668826,0.153960884172342
346441.211276,4070112.707073,0.15897759296126546
346440.627113,4070112.74532,0.16207637035542122
346439.92474,4070112.913318,0.1622029169953274
346439.596867,4070113.052387,0.15569578927500968
346439.155945,4070113.359958,0.14429216671529002
346438.86597,4070113.620423,0.13444163525825856
346438.512199,4070113.974517,0.11912404705680824
346438.158427,4070114.328611,0.10297914309157076
346437.804656,4070114.682706,0.08857697797714086
346437.459154,4070115.082893,0.07100272005943369
346437.113653,4070115.48308,0.053055498518855694
346436.810064,4070115.814077,0.036566279223521604
346436.506476,4070116.145073,0.020648713888713803
346436.202887,4070116.47607,0.014592107520942386
346435.905482,4070116.819903,0.009458585085024044
346435.608077,4070117.163735,0.007565985562285284
346435.310672,4070117.507568,0.0065017400661950935
346435.013267,4070117.851401,0.005397965584986801
346434.715862,4070118.195234,0.004253651769198518
346434.418457,4070118.539067,0.0034456231891665822
346434.086046,4070118.922372,0.0026428048552011177
346433.753634,4070119.305677,0.001083092131998826
346433.421223,4070119.688982,0.0
346433.125539,4070120.045732,0.0031887039767387556
346432.829854,4070120.402482,0.005309201207889086
346432.53417,4070120.759231,0.007503459018496096
346432.238485,4070121.115981,0.009774549568660522
346431.942801,4070121.472731,0.012126004608456007
346431.647117,4070121.82948,0.014561129549261965
346431.370085,4070122.118052,0.013672165755476104
346431.093053,4070122.406624,0.012868136022831414
346430.816021,4070122.695197,0.011995961464631943
346430.538989,4070122.983769,0.01104935614528889
346430.261957,4070123.272341,0.009413889791540142
346429.984925,4070123.560913,0.007701240528074071
346429.707893,4070123.849485,0.005907648418030389
346429.430862,4070124.138057,0.004029170230103741
346429.15383,4070124.426629,0.0020613721726037595
346428.876798,4070124.715201,0.0
346428.599766,4070125.003773,0.0
346428.322734,4070125.292345,0.0
346428.045702,4070125.580918,0.0
346427.76867,4070125.86949,0.0
346427.491638,4070126.158062,0.0
346427.214607,4070126.446634,0.0
346426.937575,4070126.735206,0.0
346426.660543,4070127.023778,0.0
346426.383511,4070127.31235,0.0
346426.106479,4070127.600922,0.0
346425.829447,4070127.889494,0.0
346425.552415,4070128.178066,0.0
346425.275383,4070128.466639,0.0
346424.998352,4070128.755211,0.0
346424.72132,4070129.043783,0.0
346424.444288,4070129.332355,0.0
346424.167256,4070129.620927,0.0
346423.890224,4070129.909499,0.0
346423.613192,4070130.198071,0.0
346423.33616,4070130.486643,0.0
346423.059128,4070130.775215,0.0
346422.782096,4070131.063787,0.0
346422.505065,4070131.352359,0.0
346422.228033,4070131.640932,0.0
346421.951001,4070131.929504,0.0
346421.673969,4070132.218076,0.0
346421.396937,4070132.506648,0.0
346421.119905,4070132.79522,0.0
346420.842873,4070133.083792,0.0
346420.565841,4070133.372364,0.0
346420.28881,4070133.660936,0.0
346420.011778,4070133.949508,0.0
346419.734746,4070134.23808,0.0
346419.457714,4070134.526653,0.0
346419.180682,4070134.815225,0.0
346418.90365,4070135.103797,0.0
346418.626618,4070135.392369,0.0
346418.349586,4070135.680941,0.0
346418.072555,4070135.969513,0.0
346417.795523,4070136.258085,0.0
346417.518491,4070136.546657,0.0
346417.241459,4070136.835229,0.0
346416.964427,4070137.123801,0.0
346416.687395,4070137.412374,0.0
346416.410363,4070137.700946,0.0
346416.133331,4070137.989518,0.0
346415.853009,4070138.282223,0.0
346415.572686,4070138.574929,0.0
346415.292364,4070138.867634,0.0
346415.012041,4070139.16034,0.0
346414.731719,4070139.453045,0.0
346414.451396,4070139.745751,0.0
346414.171074,4070140.038456,0.0
346413.890751,4070140.331162,0.0
346413.610429,4070140.623867,0.0
346413.330106,4070140.916573,0.0
346413.049784,4070141.209278,0.0
346412.769461,4070141.501984,0.0
346412.489139,4070141.794689,0.0
346412.208816,4070142.087395,0.0
346411.928494,4070142.3801,0.0
346411.648171,4070142.672806,0.0
346411.367849,4070142.965511,0.0
346411.087526,4070143.258217,0.0
346410.807204,4070143.550922,0.0
346410.526881,4070143.843628,0.0
346410.246559,4070144.136333,0.0
346409.966236,4070144.429039,0.0
346409.685914,4070144.721744,0.0
346409.405591,4070145.01445,0.0
346409.125269,4070145.307155,0.0
346408.844946,4070145.599861,0.0
346408.564624,4070145.892566,0.0
346408.284301,4070146.185272,0.0
346408.003978,4070146.477977,0.0
346407.723656,4070146.770683,0.0
346407.443333,4070147.063388,0.0
346407.163011,4070147.356094,0.0
346406.882688,4070147.648799,0.0
346406.602366,4070147.941505,0.0
346406.322043,4070148.23421,0.0
346406.041721,4070148.526916,0.0
346405.761398,4070148.819621,0.0
346405.481076,4070149.112327,0.0
346405.200753,4070149.405032,0.0
346404.920431,4070149.697738,0.0
346404.640108,4070149.990444,0.0
346404.359786,4070150.283149,0.0
346404.079463,4070150.575855,0.0
346403.799141,4070150.86856,0.0
346403.518818,4070151.161266,0.0
346403.238496,4070151.453971,0.0
346402.958173,4070151.746677,0.0
346402.677851,4070152.039382,0.0
346402.397528,4070152.332088,0.0
346402.117206,4070152.624793,0.0
346401.836883,4070152.917499,0.0
346401.556561,4070153.210204,0.0
346401.276238,4070153.50291,0.0
346400.995916,4070153.795615,0.0
346400.715593,4070154.088321,0.0
346400.435271,4070154.381026,0.0
346400.154948,4070154.673732,0.0011720138246271
346399.874626,4070154.966437,0.0014634054822604248
346399.594303,4070155.259143,0.001754114620530029
346399.313981,4070155.551848,0.002044218847759006
346399.033658,4070155.844554,0.002333682448826066
346398.753335,4070156.137259,0.002622631652203597
346398.473013,4070156.429965,0.0029107210631762943
346398.194136,4070156.728149,0.0026168600915582093
346397.915259,4070157.026334,0.002323512382239959
346397.636382,4070157.324519,0.0035528982698410996
346397.357506,4070157.622704,0.004785532624490747
346397.078629,4070157.920889,0.006021403568994139
346396.799752,4070158.219073,0.0072602690605844305
346396.520875,4070158.517258,0.011913546267000308
346396.241998,4070158.815443,0.016193910840609168
346395.963122,4070159.113628,0.020127828177634664
346395.684245,4070159.411813,0.026534029065195034
346395.405368,4070159.709998,0.032739153938527596
346395.126491,4070160.008182,0.038479350933725995
346394.868708,4070160.320785,0.04324693576396276
346394.610925,4070160.633388,0.047637552908707886
346394.353142,4070160.945991,0.05166355048680495
346394.095359,4070161.258593,0.05755089161598902
346393.811488,4070161.692817,0.058998131496543746
346393.527617,4070162.127041,0.06083752412788554
346393.243746,4070162.561266,0.06995428631989188
346393.007947,4070163.02052,0.07120858770743932
346392.772147,4070163.479775,0.07303990715207097
346392.536348,4070163.93903,0.07543069829976669
346392.345312,4070164.404878,0.07545361558480305
346392.154276,4070164.870726,0.07839355519842735
346391.96324,4070165.336575,0.08186093326051529
346391.842748,4070165.753063,0.08072581645090555
346391.722256,4070166.169552,0.08195067365523245
346391.601764,4070166.586041,0.08064914185809145
346391.652181,4070166.906973,0.07310228756975073
346391.603775,4070167.318466,0.07454290532206122
346391.555369,4070167.729959,0.074697580798348
346391.506964,4070168.141452,0.07440319625542778
346391.458558,4070168.552945,0.07603771238054369
346391.456964,4070168.960822,0.07248607660704276
346391.455371,4070169.368699,0.07041367668438518
346391.453777,4070169.776575,0.07116263623356558
346391.452183,4070170.184452,0.07174862976435488
346391.436778,4070170.81731,0.07638771745917286
346391.560997,4070171.27009,0.07886390840135966
346391.685217,4070171.72287,0.0774147887832153
346391.783892,4070172.12062,0.07762129590667818
346391.882567,4070172.51837,0.07772697391799112
346391.981242,4070172.91612,0.07773045902256967
346392.079917,4070173.31387,0.08013577887562705
346392.216378,4070173.702617,0.07839995523781444
346392.352839,4070174.091364,0.07660784559539968
346392.4893,4070174.480111,0.07853570310885631
346392.625762,4070174.868858,0.07832516757172778
346392.851826,4070175.21299,0.07547857171288312
346393.077891,4070175.557121,0.07226740709908776
346393.303955,4070175.901252,0.06990328238900648
346393.53002,4070176.245383,0.06719214240662154
346393.756084,4070176.589515,0.06419152523483503
346393.982149,4070176.933646,0.06131483371464889
346394.208213,4070177.277777,0.0606435412057315
346394.434278,4070177.621908,0.05996343261554312
346394.714341,4070177.927613,0.05220435759420812
346394.994404,4070178.233318,0.04442514283766471
346395.274467,4070178.539023,0.042347841404039716
346395.55453,4070178.844727,0.04026836129357072
346395.938985,4070179.204044,0.03372258392775925
346396.323439,4070179.563361,0.027462701907588972
346396.707894,4070179.922678,0.02148189903417293
346396.999448,4070180.197103,0.016432640704332563
346397.291002,4070180.471527,0.011353919556820316
346397.582556,4070180.745951,0.006254797807156934
346397.874111,4070181.020375,0.004638436954396572
346398.165665,4070181.2948,0.003006625429759184
346398.457219,4070181.569224,0.0013593768653749458
346398.748774,4070181.843648,0.0
346399.040328,4070182.118072,0.0
346399.331882,4070182.392496,0.0
346399.623436,4070182.666921,0.0
346399.914991,4070182.941345,0.0
346400.206545,4070183.215769,0.0
346400.498099,4070183.490193,0.0
346400.789654,4070183.764617,0.0
346401.081208,4070184.039042,0.0
346401.372762,4070184.313466,0.0
346401.664316,4070184.58789,0.0
346401.955871,4070184.862314,0.0
346402.247425,4070185.136738,0.0
346402.538979,4070185.411163,0.0
346402.830534,4070185.685587,0.0
346403.122088,4070185.960011,0.0
346403.413642,4070186.234435,0.0
346403.705196,4070186.50886,0.0
346403.996751,4070186.783284,0.0
346404.288305,4070187.057708,0.0
346404.579859,4070187.332132,0.0
346404.871413,4070187.606556,0.0
346405.162968,4070187.880981,0.0
346405.454522,4070188.155405,0.0
346405.746076,4070188.429829,0.0
346406.037631,4070188.704253,0.0
346406.329185,4070188.978677,0.001115239093633594
346406.620739,4070189.253102,0.0014855289644695672
346406.912293,4070189.527526,0.0018550603238083037
346407.203848,4070189.80195,0.0022240469597163293
346407.495402,4070190.076374,0.002592184505405483
346407.786956,4070190.350799,0.0029595119097097205
346408.078511,4070190.625223,0.0033263406575115896
346408.370065,4070190.899647,0.0036923133732099174
346408.659374,4070191.180165,0.0033199660878646107
346408.948683,4070191.460684,0.0029481460455440755
346409.237992,4070191.741202,0.002577162439574444
346409.527301,4070192.021721,0.00220692815604932
346409.81661,4070192.302239,0.0018373582406625477
346410.105919,4070192.582758,0.0014684099504460304
346410.395228,4070192.863276,0.0011002596395257374
346410.684537,4070193.143794,0.0
346410.973846,4070193.424313,0.0
346411.263155,4070193.704831,0.0
346411.552464,4070193.98535,0.0
346411.841773,4070194.265868,0.0
346412.131082,4070194.546386,0.0
346412.42039,4070194.826905,0.0
346412.709699,4070195.107423,0.0
346412.999008,4070195.387942,0.0
346413.288317,4070195.66846,0.0
346413.577626,4070195.948979,0.0
346413.866935,4070196.229497,0.0
346414.156244,4070196.510015,0.0
346414.445553,4070196.790534,0.0
346414.734862,4070197.071052,0.0
346415.024171,4070197.351571,0.0
346415.31348,4070197.632089,0.0
346415.602789,4070197.912607,0.0
346415.892098,4070198.193126,0.0
346416.181407,4070198.473644,0.0
346416.470716,4070198.754163,0.0
346416.760025,4070199.034681,0.0
346417.049334,4070199.3152,0.0
346417.338643,4070199.595718,0.0
346417.627952,4070199.876236,0.0
346417.917261,4070200.156755,0.0
346418.20657,4070200.437273,0.0
346418.495879,4070200.717792,0.0
346418.785188,4070200.99831,0.0
346419.074497,4070201.278829,0.0
346419.363806,4070201.559347,0.0
346419.653115,4070201.839865,0.0
346419.942424,4070202.120384,0.0
346420.231733,4070202.400902,0.0
346420.521042,4070202.681421,0.0
346420.810351,4070202.961939,0.0
346421.09966,4070203.242457,0.0
346421.388969,4070203.522976,0.0
346421.678278,4070203.803494,0.0
346421.967587,4070204.084013,0.0
346422.256896,4070204.364531,0.0
346422.546205,4070204.64505,0.0
346422.835514,4070204.925568,0.0011470144926028734
346423.124823,4070205.206086,0.001377320094178122
346423.414132,4070205.486605,0.0016079855495989399
346423.703441,4070205.767123,0.0018389659326078695
346423.992749,4070206.047642,0.0020704334241995136
346424.282058,4070206.32816,0.0023019988309472736
346424.572617,4070206.604719,0.0020731962054701927
346424.863175,4070206.881277,0.0018440273019290645
346425.153733,4070207.157836,0.0016147188436357411
346425.444291,4070207.434395,0.001385045601687691
346425.73485,4070207.710953,0.0011548810980596517
346426.025408,4070207.987512,0.0
346426.315966,4070208.264071,0.0
346426.606524,4070208.540629,0.0
346426.897083,4070208.817188,0.0
346427.187641,4070209.093746,0.0
346427.478199,4070209.370305,0.0
346427.768757,4070209.646864,0.0
346428.059315,4070209.923422,0.0
346428.349874,4070210.199981,0.0
346428.640432,4070210.47654,0.0
346428.93099,4070210.753098,0.0
346429.221548,4070211.029657,0.0
346429.512107,4070211.306215,0.0
346429.802665,4070211.582774,0.0
346430.093223,4070211.859333,0.0
346430.383781,4070212.135891,0.0
346430.67434,4070212.41245,0.0
346430.964898,4070212.689009,0.0
346431.255456,4070212.965567,0.0
346431.546014,4070213.242126,0.0
346431.836573,4070213.518685,0.0
346432.127131,4070213.795243,0.0
346432.417689,4070214.071802,0.0
346432.708247,4070214.34836,0.0
346432.998805,4070214.624919,0.0
346433.289364,4070214.901478,0.0
346433.579922,4070215.178036,0.0
346433.87048,4070215.454595,0.0
346434.161038,4070215.731154,0.0
346434.451597,4070216.007712,0.0
346434.742155,4070216.284271,0.0
346435.032713,4070216.560829,0.0
346435.323271,4070216.837388,0.0
346435.61383,4070217.113947,0.0
346435.904388,4070217.390505,0.0
346436.194946,4070217.667064,0.0
346436.485504,4070217.943623,0.0
346436.776062,4070218.220181,0.0
346437.066621,4070218.49674,0.0
346437.357179,4070218.773298,0.0
346437.647737,4070219.049857,0.0
346437.938295,4070219.326416,0.0
346438.228854,4070219.602974,0.0
346438.519412,4070219.879533,0.0
346438.80997,4070220.156092,0.0
346439.100528,4070220.43265,0.0
346439.391087,4070220.709209,0.0
346439.681645,4070220.985768,0.0
346439.972203,4070221.262326,0.0
346440.262761,4070221.538885,0.0
346440.55332,4070221.815443,0.0012487749715731225
346440.843878,4070222.092002,0.0018726821141380324
346441.134436,4070222.368561,0.0024962518344698896
346441.424994,4070222.645119,0.0031193338974224087
346441.715552,4070222.921678,0.003742048923148121
346442.006111,4070223.198237,0.004364297780212376
346442.296669,4070223.474795,0.0049860990923480016
346442.587227,4070223.751354,0.005607498452166229
346442.877785,4070224.027912,0.006228377922640591
346443.175801,4070224.29769,0.00560388134823835
346443.473817,4070224.567468,0.0049797970401763295
346443.771833,4070224.837246,0.004355922714641795
346444.069848,4070225.107024,0.0037325729952324385
346444.367864,4070225.376801,0.0031094145823715403
346444.66588,4070225.646579,0.002486684543360832
346444.963896,4070225.916357,0.001864351624147365
346445.261912,4070226.186135,0.0012425200563179208
346445.559927,4070226.455912,0.0
346445.857943,4070226.72569,0.0
346446.155959,4070226.995468,0.0
346446.453975,4070227.265246,0.0
346446.75199,4070227.535024,0.0
346447.050006,4070227.804801,0.0
346447.348022,4070228.074579,0.001682943331493647
346447.646038,4070228.344357,0.003360599907596746
346447.944053,4070228.614135,0.005032739068035356
346448.242069,4070228.883912,0.0066988339003626355
346448.540085,4070229.15369,0.008003741436766095
346448.838101,4070229.423468,0.009310276976361933
346449.136116,4070229.693246,0.01061829600365997
346449.434132,4070229.963024,0.011927550434643074
346449.732148,4070230.232801,0.019518653557515395
346450.030164,4070230.502579,0.027030968515096603
346450.349443,4070230.754866,0.031180176370825305
346450.668722,4070231.007152,0.035275061722350266
346450.988001,4070231.259438,0.05008662158235627
346451.307281,4070231.511725,0.06382981517688248
346451.617634,4070231.764172,0.07687113161389841
346451.927987,4070232.016618,0.09797950495034961
346452.23834,4070232.269065,0.11910429313043767
346452.548693,4070232.521512,0.13952140040540878
346452.931389,4070232.700522,0.14994097934997916
346453.314086,4070232.879532,0.16943743804122618
346453.696782,4070233.058542,0.18940711717224834
346454.079478,4070233.237552,0.2071360600236729
346454.604135,4070233.28361,0.21241599832560584
346455.128792,4070233.329668,0.21723333481452253
346455.653448,4070233.375726,0.2208424826322261
346456.037055,4070233.23288,0.21035571435631062
346456.420662,4070233.090035,0.20015132865479474
346456.804269,4070232.94719,0.18866983576991128
346457.187876,4070232.804344,0.1816893372767841
346457.50652,4070232.5069,0.15989520626309234
346457.825165,4070232.209455,0.13606861398125258
346458.143809,4070231.912011,0.1113906993349827
346458.462454,4070231.614566,0.09252746306441373
346458.781098,4070231.317122,0.07213514759962794
346459.099742,4070231.019678,0.05088679134450019
346459.418387,4070230.722233,0.043123093968366666
346459.693176,4070230.429959,0.032469247871144
346459.967965,4070230.137685,0.021842526274848912
346460.242755,4070229.84541,0.01131888099458743
346460.517544,4070229.553136,0.00982337324484034
346460.792333,4070229.260862,0.008288963031724939
346461.067122,4070228.968588,0.0067146506913384665
346461.341911,4070228.676313,0.005099422026118745
346461.616701,4070228.384039,0.0034426803904852076
346461.89149,4070228.091765,0.0017432094306149195
346462.166279,4070227.799491,0.0
346462.441068,4070227.507216,0.0
346462.715858,4070227.214942,0.0
346462.990647,4070226.922668,0.0
346463.265436,4070226.630394,0.0
346463.540225,4070226.338119,0.0
346463.815014,4070226.045845,0.0
346464.089804,4070225.753571,0.0
346464.364593,4070225.461297,0.0
346464.639382,4070225.169022,0.0
346464.914171,4070224.876748,0.0
346465.188961,4070224.584474,0.0
346465.46375,4070224.2922,0.0
346465.738539,4070223.999925,0.0
346466.013328,4070223.707651,0.0
346466.288117,4070223.415377,0.0
346466.562907,4070223.123103,0.0
346466.837696,4070222.830828,0.0
346467.112485,4070222.538554,0.0
346467.387274,4070222.24628,0.0
346467.662064,4070221.954006,0.0
346467.936853,4070221.661731,0.0
346468.211642,4070221.369457,0.0
346468.486431,4070221.077183,0.0
346468.76122,4070220.784909,0.0
346469.03601,4070220.492634,0.0
346469.310799,4070220.20036,0.0
346469.585588,4070219.908086,0.0
346469.860377,4070219.615812,0.0
346470.135167,4070219.323537,0.0
346470.409956,4070219.031263,0.0
346470.684745,4070218.738989,0.0
346470.959534,4070218.446715,0.0
346471.234323,4070218.15444,0.0
346471.509113,4070217.862166,0.0
346471.783902,4070217.569892,0.0
346472.058691,4070217.277618,0.0
346472.33348,4070216.985343,0.0
346472.60827,4070216.693069,0.0
346472.883059,4070216.400795,0.0
346473.157848,4070216.108521,0.0
346473.432637,4070215.816246,0.0
346473.707426,4070215.523972,0.0
346473.982216,4070215.231698,0.0
346474.257005,4070214.939424,0.0
346474.531794,4070214.647149,0.0
