x,y,curvature,mission_tag,mission_param
346471.707467,4070217.472391,0,DRIVING,1.94
346471.848876,4070217.326161,0,DRIVING,1.94
346471.990285,4070217.179931,0,DRIVING,1.94
346472.131694,4070217.0337,0,DRIVING,1.94
346472.273103,4070216.88747,0,DRIVING,1.94
346472.414512,4070216.741239,0,DRIVING,1.94
346472.555921,4070216.595009,0,DRIVING,1.94
346472.69733,4070216.448779,0,DRIVING,1.94
346472.838739,4070216.302548,0,DRIVING,1.94
346472.980148,4070216.156318,0,DRIVING,1.94
346473.121558,4070216.010087,0,DRIVING,1.94
346473.262967,4070215.863857,0,DRIVING,1.94
346473.404376,4070215.717627,0,DRIVING,1.94
346473.545785,4070215.571396,0,DRIVING,1.94
346473.687194,4070215.425166,0,DRIVING,1.94
346473.828603,4070215.278936,0,DRIVING,1.94
346473.970012,4070215.132705,0,DRIVING,1.94
346474.111421,4070214.986475,0,DRIVING,1.94
346474.25283,4070214.840244,0,DRIVING,1.94
346474.394239,4070214.694014,0,DRIVING,1.94
346474.535648,4070214.547784,0,DRIVING,1.94
346474.677057,4070214.401553,0,DRIVING,1.94
346474.818466,4070214.255323,0,DRIVING,1.94
346474.959875,4070214.109092,0,DRIVING,1.94
346475.101284,4070213.962862,0,DRIVING,1.94
346475.242694,4070213.816632,0,DRIVING,1.94
346475.384103,4070213.670401,0,DRIVING,1.94
346475.525512,4070213.524171,0,DRIVING,1.94
346475.666921,4070213.37794,0,DRIVING,1.94
346475.80833,4070213.23171,0,DRIVING,1.94
346475.949739,4070213.08548,0,DRIVING,1.94
346476.091148,4070212.939249,0,DRIVING,1.94
346476.232557,4070212.793019,0,DRIVING,1.94
346476.373966,4070212.646789,0,DRIVING,1.94
346476.515375,4070212.500558,0,DRIVING,1.94
346476.656784,4070212.354328,0,DRIVING,1.94
346476.798193,4070212.208097,0,DRIVING,1.94
346476.939602,4070212.061867,0,DRIVING,1.94
346477.081011,4070211.915637,0,DRIVING,1.94
346477.221438,4070211.770895,0,DRIVING,1.94
346477.361864,4070211.626154,0,DRIVING,1.94
346477.502291,4070211.481412,0,DRIVING,1.94
346477.642718,4070211.33667,0,DRIVING,1.94
346477.783144,4070211.191929,0,DRIVING,1.94
346477.923571,4070211.047187,0,DRIVING,1.94
346478.063997,4070210.902446,0,DRIVING,1.94
346478.204424,4070210.757704,0,DRIVING,1.94
346478.34485,4070210.612963,0,DRIVING,1.94
346478.485277,4070210.468221,0,DRIVING,1.94
346478.625703,4070210.32348,0,DRIVING,1.94
346478.76613,4070210.178738,0,DRIVING,1.94
346478.906556,4070210.033997,0,DRIVING,1.94
346479.046983,4070209.889255,0,DRIVING,1.94
346479.18741,4070209.744513,0,DRIVING,1.94
346479.327836,4070209.599772,0,DRIVING,1.94
346479.468263,4070209.45503,0,DRIVING,1.94
346479.608689,4070209.310289,0,DRIVING,1.94
346479.749116,4070209.165547,0,DRIVING,1.94
346479.889542,4070209.020806,0,DRIVING,1.94
346480.029969,4070208.876064,0,DRIVING,1.94
346480.170395,4070208.731323,0,DRIVING,1.94
346480.310822,4070208.586581,0,DRIVING,1.94
346480.451248,4070208.44184,0,DRIVING,1.94
346480.591675,4070208.297098,0,DRIVING,1.94
346480.732101,4070208.152356,0,DRIVING,1.94
346480.872528,4070208.007615,0,DRIVING,1.94
346481.012955,4070207.862873,0,DRIVING,1.94
346481.153381,4070207.718132,0,DRIVING,1.94
346481.293808,4070207.57339,0,DRIVING,1.94
346481.434234,4070207.428649,0,DRIVING,1.94
346481.574661,4070207.283907,0,DRIVING,1.94
346481.715087,4070207.139166,0,DRIVING,1.94
346481.855514,4070206.994424,0,DRIVING,1.94
346481.99594,4070206.849683,0,DRIVING,1.94
346482.136367,4070206.704941,0,DRIVING,1.94
346482.276793,4070206.560199,0,DRIVING,1.94
346482.41722,4070206.415458,0,DRIVING,1.94
346482.557647,4070206.270716,0,DRIVING,1.94
346482.698073,4070206.125975,0,DRIVING,1.94
346482.8385,4070205.981233,0,DRIVING,1.94
346482.978926,4070205.836492,0,DRIVING,1.94
346483.119353,4070205.69175,0,DRIVING,1.94
346483.259779,4070205.547009,0,DRIVING,1.94
346483.400206,4070205.402267,0,DRIVING,1.94
346483.540632,4070205.257526,0,DRIVING,1.94
346483.681059,4070205.112784,0,DRIVING,1.94
346483.821485,4070204.968043,0,DRIVING,1.94
346483.961912,4070204.823301,0,DRIVING,1.94
346484.102338,4070204.678559,0,DRIVING,1.94
346484.242765,4070204.533818,0,DRIVING,1.94
346484.383192,4070204.389076,0,DRIVING,1.94
346484.523618,4070204.244335,0,DRIVING,1.94
346484.664045,4070204.099593,0,DRIVING,1.94
346484.799802,4070203.952667,0,DRIVING,1.94
346484.93556,4070203.805741,0,DRIVING,1.94
346485.071318,4070203.658815,0,DRIVING,1.94
346485.207075,4070203.511889,0,DRIVING,1.94
346485.342833,4070203.364963,0,DRIVING,1.94
346485.478591,4070203.218037,0,DRIVING,1.94
346485.614349,4070203.071111,0,DRIVING,1.94
346485.750106,4070202.924185,0,DRIVING,1.94
346485.885864,4070202.777259,0,DRIVING,1.94
346486.021622,4070202.630332,0,DRIVING,1.94
346486.157379,4070202.483406,0,DRIVING,1.94
346486.293137,4070202.33648,0,DRIVING,1.94
346486.428895,4070202.189554,0,DRIVING,1.94
346486.564653,4070202.042628,0,DRIVING,1.94
346486.70041,4070201.895702,0,DRIVING,1.94
346486.836168,4070201.748776,0,DRIVING,1.94
346486.971926,4070201.60185,0,DRIVING,1.94
346487.107683,4070201.454924,0,DRIVING,1.94
346487.243441,4070201.307998,0,DRIVING,1.94
346487.379199,4070201.161072,0,DRIVING,1.94
346487.514957,4070201.014145,0,DRIVING,1.94
346487.650714,4070200.867219,0,DRIVING,1.94
346487.786472,4070200.720293,0,DRIVING,1.94
346487.92223,4070200.573367,0,DRIVING,1.94
346488.057987,4070200.426441,0,DRIVING,1.94
346488.193745,4070200.279515,0,DRIVING,1.94
346488.329503,4070200.132589,0,DRIVING,1.94
346488.465261,4070199.985663,0,DRIVING,1.94
346488.601018,4070199.838737,0,DRIVING,1.94
346488.736776,4070199.691811,0,DRIVING,1.94
346488.872534,4070199.544885,0,DRIVING,1.94
346489.008291,4070199.397959,0,DRIVING,1.94
346489.144049,4070199.251032,0,DRIVING,1.94
346489.279807,4070199.104106,0,DRIVING,1.94
346489.415565,4070198.95718,0,DRIVING,1.94
346489.551322,4070198.810254,0,DRIVING,1.94
346489.68708,4070198.663328,0,DRIVING,1.94
346489.822838,4070198.516402,0,DRIVING,1.94
346489.958595,4070198.369476,0,DRIVING,1.94
346490.094353,4070198.22255,0,DRIVING,1.94
346490.230111,4070198.075624,0,DRIVING,1.94
346490.365869,4070197.928698,0,DRIVING,1.94
346490.501626,4070197.781772,0,DRIVING,1.94
346490.637384,4070197.634846,0,DRIVING,1.94
346490.773142,4070197.487919,0,DRIVING,1.94
346490.908899,4070197.340993,0,DRIVING,1.94
346491.044657,4070197.194067,0,DRIVING,1.94
346491.180415,4070197.047141,0,DRIVING,1.94
346491.316173,4070196.900215,0,DRIVING,1.94
346491.45193,4070196.753289,0,DRIVING,1.94
346491.587688,4070196.606363,0,DRIVING,1.94
346491.723446,4070196.459437,0,DRIVING,1.94
346491.866616,4070196.310947,0,DRIVING,1.94
346492.009787,4070196.162457,0,DRIVING,1.94
346492.152958,4070196.013967,0,DRIVING,1.94
346492.296128,4070195.865477,0,DRIVING,1.94
346492.439299,4070195.716987,0,DRIVING,1.94
346492.582469,4070195.568497,0,DRIVING,1.94
346492.72564,4070195.420007,0,DRIVING,1.94
346492.86881,4070195.271518,0,DRIVING,1.94
346493.011981,4070195.123028,0,DRIVING,1.94
346493.155152,4070194.974538,0,DRIVING,1.94
346493.298322,4070194.826048,0,DRIVING,1.94
346493.441493,4070194.677558,0,DRIVING,1.94
346493.584663,4070194.529068,0,DRIVING,1.94
346493.727834,4070194.380578,0,DRIVING,1.94
346493.871004,4070194.232088,0,DRIVING,1.94
346494.014175,4070194.083598,0,DRIVING,1.94
346494.157346,4070193.935108,0,DRIVING,1.94
346494.300516,4070193.786618,0,DRIVING,1.94
346494.443687,4070193.638128,0,DRIVING,1.94
346494.586857,4070193.489638,0,DRIVING,1.94
346494.730028,4070193.341148,0,DRIVING,1.94
346494.873198,4070193.192659,0,DRIVING,1.94
346495.016369,4070193.044169,0,DRIVING,1.94
346495.15954,4070192.895679,0,DRIVING,1.94
346495.30271,4070192.747189,0,DRIVING,1.94
346495.445881,4070192.598699,0,DRIVING,1.94
346495.589051,4070192.450209,0,DRIVING,1.94
346495.730237,4070192.304567,0,DRIVING,1.94
346495.871422,4070192.158925,0,DRIVING,1.94
346496.012608,4070192.013283,0,DRIVING,1.94
346496.153793,4070191.867642,0,DRIVING,1.94
346496.294979,4070191.722,0,DRIVING,1.94
346496.436164,4070191.576358,0,DRIVING,1.94
346496.57735,4070191.430716,0,DRIVING,1.94
346496.718535,4070191.285074,0,DRIVING,1.94
346496.859721,4070191.139432,0,DRIVING,1.94
346497.000906,4070190.993791,0,DRIVING,1.94
346497.142092,4070190.848149,0,DRIVING,1.94
346497.283277,4070190.702507,0,DRIVING,1.94
346497.424463,4070190.556865,0,DRIVING,1.94
346497.565648,4070190.411223,0,DRIVING,1.94
346497.706834,4070190.265581,0,DRIVING,1.94
346497.848019,4070190.11994,0,DRIVING,1.94
346497.989205,4070189.974298,0,DRIVING,1.94
346498.13039,4070189.828656,0,DRIVING,1.94
346498.271576,4070189.683014,0,DRIVING,1.94
346498.412761,4070189.537372,0,DRIVING,1.94
346498.553947,4070189.391731,0,DRIVING,1.94
346498.695132,4070189.246089,0,DRIVING,1.94
346498.836318,4070189.100447,0,DRIVING,1.94
346498.977503,4070188.954805,0,DRIVING,1.94
346499.118689,4070188.809163,0,DRIVING,1.94
346499.259874,4070188.663521,0,DRIVING,1.94
346499.40106,4070188.51788,0,DRIVING,1.94
346499.542245,4070188.372238,0,DRIVING,1.94
346499.683431,4070188.226596,0,DRIVING,1.94
346499.824616,4070188.080954,0,DRIVING,1.94
346499.965802,4070187.935312,0,DRIVING,1.94
346500.106987,4070187.78967,0,DRIVING,1.94
346500.248173,4070187.644029,0,DRIVING,1.94
346500.389358,4070187.498387,0,DRIVING,1.94
346500.530544,4070187.352745,0,DRIVING,1.94
346500.671729,4070187.207103,0,DRIVING,1.94
346500.812915,4070187.061461,0,DRIVING,1.94
346500.9541,4070186.915819,0,DRIVING,1.94
346501.094349,4070186.770347,0,DRIVING,1.94
346501.234598,4070186.624876,0,DRIVING,1.94
346501.374847,4070186.479404,0,DRIVING,1.94
346501.515096,4070186.333932,0,DRIVING,1.94
346501.655344,4070186.18846,0,DRIVING,1.94
346501.795593,4070186.042988,0,DRIVING,1.94
346501.935842,4070185.897516,0,DRIVING,1.94
346502.076091,4070185.752044,0,DRIVING,1.94
346502.21634,4070185.606572,0,DRIVING,1.94
346502.356589,4070185.4611,0,DRIVING,1.94
346502.496838,4070185.315628,0,DRIVING,1.94
346502.637086,4070185.170156,0,DRIVING,1.94
346502.777335,4070185.024685,0,DRIVING,1.94
346502.917584,4070184.879213,0,DRIVING,1.94
346503.057833,4070184.733741,0,DRIVING,1.94
346503.198082,4070184.588269,0,DRIVING,1.94
346503.338331,4070184.442797,0,DRIVING,1.94
346503.47858,4070184.297325,0,DRIVING,1.94
346503.618828,4070184.151853,0,DRIVING,1.94
346503.759077,4070184.006381,0,DRIVING,1.94
346503.899326,4070183.860909,0,DRIVING,1.94
346504.039575,4070183.715437,0,DRIVING,1.94
346504.179824,4070183.569965,0,DRIVING,1.94
346504.320073,4070183.424493,0,DRIVING,1.94
346504.460321,4070183.279022,0,DRIVING,1.94
346504.60057,4070183.13355,0,DRIVING,1.94
346504.740819,4070182.988078,0,DRIVING,1.94
346504.881068,4070182.842606,0,DRIVING,1.94
346505.021317,4070182.697134,0,DRIVING,1.94
346505.161566,4070182.551662,0,DRIVING,1.94
346505.301815,4070182.40619,0,DRIVING,1.94
346505.442063,4070182.260718,0,DRIVING,1.94
346505.582312,4070182.115246,0,DRIVING,1.94
346505.722561,4070181.969774,0,DRIVING,1.94
346505.86281,4070181.824302,0,DRIVING,1.94
346506.003059,4070181.67883,0,DRIVING,1.94
346506.143308,4070181.533359,0,DRIVING,1.94
346506.283557,4070181.387887,0,DRIVING,1.94
346506.423805,4070181.242415,0,DRIVING,1.94
346506.564054,4070181.096943,0,DRIVING,1.94
346506.704303,4070180.951471,0,DRIVING,1.94
346506.844552,4070180.805999,0,DRIVING,1.94
346506.986044,4070180.661958,0,DRIVING,1.94
346507.127537,4070180.517917,0,DRIVING,1.94
346507.269029,4070180.373876,0,DRIVING,1.94
346507.410521,4070180.229836,0,DRIVING,1.94
346507.552014,4070180.085795,0,DRIVING,1.94
346507.693506,4070179.941754,0,DRIVING,1.94
346507.834999,4070179.797713,0,DRIVING,1.94
346507.976491,4070179.653672,0,DRIVING,1.94
346508.117983,4070179.509631,0,DRIVING,1.94
346508.259476,4070179.36559,0,DRIVING,1.94
346508.400968,4070179.22155,0,DRIVING,1.94
346508.54246,4070179.077509,0,DRIVING,1.94
346508.683953,4070178.933468,0,DRIVING,1.94
346508.825445,4070178.789427,0,DRIVING,1.94
346508.966937,4070178.645386,0,DRIVING,1.94
346509.10843,4070178.501345,0,DRIVING,1.94
346509.249922,4070178.357304,0,DRIVING,1.94
346509.391414,4070178.213264,0,DRIVING,1.94
346509.532907,4070178.069223,0,DRIVING,1.94
346509.674399,4070177.925182,0,DRIVING,1.94
346509.815892,4070177.781141,0,DRIVING,1.94
346509.957384,4070177.6371,0,DRIVING,1.94
346510.098876,4070177.493059,0,DRIVING,1.94
346510.240369,4070177.349019,0,DRIVING,1.94
346510.381861,4070177.204978,0,DRIVING,1.94
346510.523353,4070177.060937,0,DRIVING,1.94
346510.664846,4070176.916896,0,DRIVING,1.94
346510.806338,4070176.772855,0,DRIVING,1.94
346510.94783,4070176.628814,0,DRIVING,1.94
346511.089323,4070176.484773,0,DRIVING,1.94
346511.230815,4070176.340733,0,DRIVING,1.94
346511.372307,4070176.196692,0,DRIVING,1.94
346511.5138,4070176.052651,0,DRIVING,1.94
346511.655292,4070175.90861,0,DRIVING,1.94
346511.796785,4070175.764569,0,DRIVING,1.94
346511.938277,4070175.620528,0,DRIVING,1.94
346512.079769,4070175.476487,0,DRIVING,1.94
346512.221262,4070175.332447,0,DRIVING,1.94
346512.362754,4070175.188406,0,DRIVING,1.94
346512.504246,4070175.044365,0,DRIVING,1.94
346512.645739,4070174.900324,0,DRIVING,1.94
346512.787231,4070174.756283,0,DRIVING,1.94
346512.928723,4070174.612242,0,DRIVING,1.94
346513.070216,4070174.468201,0,DRIVING,1.94
346513.213151,4070174.306563,0,DRIVING,1.94
346513.356086,4070174.144925,0,DRIVING,1.94
346513.499021,4070173.983286,0,DRIVING,1.94
346513.635939,4070173.818057,0,DRIVING,1.94
346513.772856,4070173.652827,0,DRIVING,1.94
346513.909774,4070173.487598,0,DRIVING,1.94
346514.04365,4070173.318723,0,DRIVING,1.94
346514.177526,4070173.149849,0,DRIVING,1.94
346514.311402,4070172.980975,0,DRIVING,1.94
346514.412151,4070172.7905,0,DRIVING,1.94
346514.512899,4070172.600026,0,DRIVING,1.94
346514.613647,4070172.409551,0,DRIVING,1.94
346514.705536,4070172.222935,0,DRIVING,1.94
346514.797425,4070172.036319,0,DRIVING,1.94
346514.889314,4070171.849703,0,DRIVING,1.94
346514.955539,4070171.559967,0,DRIVING,1.94
346515.021764,4070171.270232,0,DRIVING,1.94
346515.059565,4070171.054993,0,DRIVING,1.94
346515.097366,4070170.839755,0,DRIVING,1.94
346515.135166,4070170.624516,0,DRIVING,1.94
346515.140305,4070170.413564,0,DRIVING,1.94
346515.145443,4070170.202611,0,DRIVING,1.94
346515.150581,4070169.991659,0,DRIVING,1.94
346515.137801,4070169.777329,0,DRIVING,1.94
346515.12502,4070169.562999,0,DRIVING,1.94
346515.11224,4070169.34867,0,DRIVING,1.94
346515.106857,4070169.049123,0,DRIVING,1.94
346515.101474,4070168.749577,0,DRIVING,1.94
346514.948535,4070168.685738,0,DRIVING,1.94
346514.864545,4070168.483785,0,DRIVING,1.94
346514.780556,4070168.281833,0,DRIVING,1.94
346514.696566,4070168.079881,0,DRIVING,1.94
346514.580113,4070167.893309,0,DRIVING,1.94
346514.46366,4070167.706738,0,DRIVING,1.94
346514.347207,4070167.520166,0,DRIVING,1.94
346514.219252,4070167.355997,0,DRIVING,1.94
346514.091296,4070167.191828,0,DRIVING,1.94
346513.963341,4070167.027659,0,DRIVING,1.94
346513.824765,4070166.769348,0,DRIVING,1.94
346513.686188,4070166.511038,0,DRIVING,1.94
346513.499324,4070166.381221,0,DRIVING,1.94
346513.312459,4070166.251404,0,DRIVING,1.94
346513.125594,4070166.121587,0,DRIVING,1.94
346512.975711,4070165.979392,0,DRIVING,1.94
346512.825828,4070165.837196,0,DRIVING,1.94
346512.675945,4070165.695,0,DRIVING,1.94
346512.526062,4070165.552804,0,DRIVING,1.94
346512.376178,4070165.410608,0,DRIVING,1.94
346512.226295,4070165.268413,0,DRIVING,1.94
346512.076412,4070165.126217,0,DRIVING,1.94
346511.926529,4070164.984021,0,DRIVING,1.94
346511.776646,4070164.841825,0,DRIVING,1.94
346511.626763,4070164.699629,0,DRIVING,1.94
346511.476879,4070164.557433,0,DRIVING,1.94
346511.326996,4070164.415238,0,DRIVING,1.94
346511.177113,4070164.273042,0,DRIVING,1.94
346511.02723,4070164.130846,0,DRIVING,1.94
346510.877347,4070163.98865,0,DRIVING,1.94
346510.727463,4070163.846454,0,DRIVING,1.94
346510.57758,4070163.704259,0,DRIVING,1.94
346510.427697,4070163.562063,0,DRIVING,1.94
346510.279992,4070163.416877,0,DRIVING,1.94
346510.132288,4070163.271692,0,DRIVING,1.94
346509.984583,4070163.126506,0,DRIVING,1.94
346509.836878,4070162.981321,0,DRIVING,1.94
346509.689173,4070162.836135,0,DRIVING,1.94
346509.541468,4070162.690949,0,DRIVING,1.94
346509.393764,4070162.545764,0,DRIVING,1.94
346509.246059,4070162.400578,0,DRIVING,1.94
346509.098354,4070162.255393,0,DRIVING,1.94
346508.950649,4070162.110207,0,DRIVING,1.94
346508.802944,4070161.965022,0,DRIVING,1.94
346508.65524,4070161.819836,0,DRIVING,1.94
346508.507535,4070161.674651,0,DRIVING,1.94
346508.35983,4070161.529465,0,DRIVING,1.94
346508.212125,4070161.38428,0,DRIVING,1.94
346508.064421,4070161.239094,0,DRIVING,1.94
346507.916716,4070161.093909,0,DRIVING,1.94
346507.769011,4070160.948723,0,DRIVING,1.94
346507.621306,4070160.803537,0,DRIVING,1.94
346507.473601,4070160.658352,0,DRIVING,1.94
346507.325897,4070160.513166,0,DRIVING,1.94
346507.178192,4070160.367981,0,DRIVING,1.94
346507.030487,4070160.222795,0,DRIVING,1.94
346506.882782,4070160.07761,0,DRIVING,1.94
346506.735078,4070159.932424,0,DRIVING,1.94
346506.587373,4070159.787239,0,DRIVING,1.94
346506.439668,4070159.642053,0,DRIVING,1.94
346506.291963,4070159.496868,0,DRIVING,1.94
346506.146265,4070159.353311,0,DRIVING,1.94
346506.000566,4070159.209754,0,DRIVING,1.94
346505.854868,4070159.066197,0,DRIVING,1.94
346505.709169,4070158.92264,0,DRIVING,1.94
346505.563471,4070158.779083,0,DRIVING,1.94
346505.417772,4070158.635527,0,DRIVING,1.94
346505.272073,4070158.49197,0,DRIVING,1.94
346505.126375,4070158.348413,0,DRIVING,1.94
346504.980676,4070158.204856,0,DRIVING,1.94
346504.834978,4070158.061299,0,DRIVING,1.94
346504.689279,4070157.917742,0,DRIVING,1.94
346504.543581,4070157.774186,0,DRIVING,1.94
346504.397882,4070157.630629,0,DRIVING,1.94
346504.252184,4070157.487072,0,DRIVING,1.94
346504.106485,4070157.343515,0,DRIVING,1.94
346503.960787,4070157.199958,0,DRIVING,1.94
346503.815088,4070157.056401,0,DRIVING,1.94
346503.66939,4070156.912844,0,DRIVING,1.94
346503.523691,4070156.769288,0,DRIVING,1.94
346503.377992,4070156.625731,0,DRIVING,1.94
346503.232294,4070156.482174,0,DRIVING,1.94
346503.086595,4070156.338617,0,DRIVING,1.94
346502.940897,4070156.19506,0,DRIVING,1.94
346502.795198,4070156.051503,0,DRIVING,1.94
346502.6495,4070155.907947,0,DRIVING,1.94
346502.503801,4070155.76439,0,DRIVING,1.94
346502.358103,4070155.620833,0,DRIVING,1.94
346502.212404,4070155.477276,0,DRIVING,1.94
346502.066706,4070155.333719,0,DRIVING,1.94
346501.921007,4070155.190162,0,DRIVING,1.94
346501.775309,4070155.046606,0,DRIVING,1.94
346501.62961,4070154.903049,0,DRIVING,1.94
346501.483911,4070154.759492,0,DRIVING,1.94
346501.338213,4070154.615935,0,DRIVING,1.94
346501.192514,4070154.472378,0,DRIVING,1.94
346501.047622,4070154.333338,0,DRIVING,1.94
346500.902729,4070154.194298,0,DRIVING,1.94
346500.757837,4070154.055257,0,DRIVING,1.94
346500.612944,4070153.916217,0,DRIVING,1.94
346500.468052,4070153.777177,0,DRIVING,1.94
346500.323159,4070153.638137,0,DRIVING,1.94
346500.178267,4070153.499096,0,DRIVING,1.94
346500.033375,4070153.360056,0,DRIVING,1.94
346499.888482,4070153.221016,0,DRIVING,1.94
346499.74359,4070153.081975,0,DRIVING,1.94
346499.598697,4070152.942935,0,DRIVING,1.94
346499.453805,4070152.803895,0,DRIVING,1.94
346499.308912,4070152.664854,0,DRIVING,1.94
346499.16402,4070152.525814,0,DRIVING,1.94
346499.019127,4070152.386774,0,DRIVING,1.94
346498.874235,4070152.247734,0,DRIVING,1.94
346498.729342,4070152.108693,0,DRIVING,1.94
346498.58445,4070151.969653,0,DRIVING,1.94
346498.439557,4070151.830613,0,DRIVING,1.94
346498.294665,4070151.691572,0,DRIVING,1.94
346498.149772,4070151.552532,0,DRIVING,1.94
346498.00488,4070151.413492,0,DRIVING,1.94
346497.859987,4070151.274452,0,DRIVING,1.94
346497.715095,4070151.135411,0,DRIVING,1.94
346497.570202,4070150.996371,0,DRIVING,1.94
346497.42531,4070150.857331,0,DRIVING,1.94
346497.280417,4070150.71829,0,DRIVING,1.94
346497.135525,4070150.57925,0,DRIVING,1.94
346496.990632,4070150.44021,0,DRIVING,1.94
346496.84574,4070150.301169,0,DRIVING,1.94
346496.700847,4070150.162129,0,DRIVING,1.94
346496.555955,4070150.023089,0,DRIVING,1.94
346496.411062,4070149.884049,0,DRIVING,1.94
346496.26617,4070149.745008,0,DRIVING,1.94
346496.121277,4070149.605968,0,DRIVING,1.94
346495.976385,4070149.466928,0,DRIVING,1.94
346495.831492,4070149.327887,0,DRIVING,1.94
346495.6866,4070149.188847,0,DRIVING,1.94
346495.540866,4070149.050263,0,DRIVING,1.94
346495.395131,4070148.911679,0,DRIVING,1.94
346495.249397,4070148.773095,0,DRIVING,1.94
346495.103662,4070148.634512,0,DRIVING,1.94
346494.957928,4070148.495928,0,DRIVING,1.94
346494.812194,4070148.357344,0,DRIVING,1.94
346494.666459,4070148.21876,0,DRIVING,1.94
346494.520725,4070148.080176,0,DRIVING,1.94
346494.37499,4070147.941592,0,DRIVING,1.94
346494.229256,4070147.803008,0,DRIVING,1.94
346494.083522,4070147.664424,0,DRIVING,1.94
346493.937787,4070147.52584,0,DRIVING,1.94
346493.792053,4070147.387257,0,DRIVING,1.94
346493.646319,4070147.248673,0,DRIVING,1.94
346493.500584,4070147.110089,0,DRIVING,1.94
346493.35485,4070146.971505,0,DRIVING,1.94
346493.209115,4070146.832921,0,DRIVING,1.94
346493.063381,4070146.694337,0,DRIVING,1.94
346492.917647,4070146.555753,0,DRIVING,1.94
346492.771912,4070146.417169,0,DRIVING,1.94
346492.626178,4070146.278586,0,DRIVING,1.94
346492.480443,4070146.140002,0,DRIVING,1.94
346492.334709,4070146.001418,0,DRIVING,1.94
346492.188975,4070145.862834,0,DRIVING,1.94
346492.04324,4070145.72425,0,DRIVING,1.94
346491.897506,4070145.585666,0,DRIVING,1.94
346491.751771,4070145.447082,0,DRIVING,1.94
346491.606037,4070145.308498,0,DRIVING,1.94
346491.460303,4070145.169914,0,DRIVING,1.94
346491.314568,4070145.031331,0,DRIVING,1.94
346491.168834,4070144.892747,0,DRIVING,1.94
346491.0231,4070144.754163,0,DRIVING,1.94
346490.877365,4070144.615579,0,DRIVING,1.94
346490.731631,4070144.476995,0,DRIVING,1.94
346490.585896,4070144.338411,0,DRIVING,1.94
346490.440162,4070144.199827,0,DRIVING,1.94
346490.294428,4070144.061243,0,DRIVING,1.94
346490.148693,4070143.922659,0,DRIVING,1.94
346490.002959,4070143.784076,0,DRIVING,1.94
346489.857224,4070143.645492,0,DRIVING,1.94
346489.71149,4070143.506908,0,DRIVING,1.94
346489.565756,4070143.368324,0,DRIVING,1.94
346489.420021,4070143.22974,0,DRIVING,1.94
346489.274287,4070143.091156,0,DRIVING,1.94
346489.128552,4070142.952572,0,DRIVING,1.94
346488.982818,4070142.813988,0,DRIVING,1.94
346488.837084,4070142.675405,0,DRIVING,1.94
346488.690844,4070142.532751,0,DRIVING,1.94
346488.544605,4070142.390098,0,DRIVING,1.94
346488.398365,4070142.247445,0,DRIVING,1.94
346488.252126,4070142.104792,0,DRIVING,1.94
346488.105886,4070141.962138,0,DRIVING,1.94
346487.959647,4070141.819485,0,DRIVING,1.94
346487.813407,4070141.676832,0,DRIVING,1.94
346487.667168,4070141.534179,0,DRIVING,1.94
346487.520928,4070141.391525,0,DRIVING,1.94
346487.374689,4070141.248872,0,DRIVING,1.94
346487.228449,4070141.106219,0,DRIVING,1.94
346487.08221,4070140.963566,0,DRIVING,1.94
346486.93597,4070140.820912,0,DRIVING,1.94
346486.789731,4070140.678259,0,DRIVING,1.94
346486.643491,4070140.535606,0,DRIVING,1.94
346486.497252,4070140.392953,0,DRIVING,1.94
346486.351012,4070140.250299,0,DRIVING,1.94
346486.204773,4070140.107646,0,DRIVING,1.94
346486.058533,4070139.964993,0,DRIVING,1.94
346485.912294,4070139.82234,0,DRIVING,1.94
346485.766055,4070139.679686,0,DRIVING,1.94
346485.619815,4070139.537033,0,DRIVING,1.94
346485.473576,4070139.39438,0,DRIVING,1.94
346485.327336,4070139.251727,0,DRIVING,1.94
346485.181097,4070139.109073,0,DRIVING,1.94
346485.034857,4070138.96642,0,DRIVING,1.94
346484.888618,4070138.823767,0,DRIVING,1.94
346484.742378,4070138.681114,0,DRIVING,1.94
346484.596139,4070138.53846,0,DRIVING,1.94
346484.449899,4070138.395807,0,DRIVING,1.94
346484.30366,4070138.253154,0,DRIVING,1.94
346484.15742,4070138.110501,0,DRIVING,1.94
346484.011181,4070137.967847,0,DRIVING,1.94
346483.856712,4070137.818952,0,DRIVING,1.94
346483.702243,4070137.670057,0,DRIVING,1.94
346483.547774,4070137.521162,0,DRIVING,1.94
346483.393438,4070137.379664,0,DRIVING,1.94
346483.239101,4070137.238165,0,DRIVING,1.94
346483.084765,4070137.096666,0,DRIVING,1.94
346482.84037,4070136.912394,0,DRIVING,1.94
346482.533692,4070136.74034,0,DRIVING,1.94
346482.338631,4070136.651363,0,DRIVING,1.94
346482.143571,4070136.562387,0,DRIVING,1.94
346481.94851,4070136.47341,0,DRIVING,1.94
346481.750806,4070136.402978,0,DRIVING,1.94
346481.553102,4070136.332545,0,DRIVING,1.94
346481.355398,4070136.262112,0,DRIVING,1.94
346481.161069,4070136.213815,0,DRIVING,1.94
346480.966739,4070136.165517,0,DRIVING,1.94
346480.772409,4070136.11722,0,DRIVING,1.94
346480.481014,4070136.050321,0,DRIVING,1.94
346480.18962,4070135.983422,0,DRIVING,1.94
346479.992514,4070135.946273,0,DRIVING,1.94
346479.795408,4070135.909123,0,DRIVING,1.94
346479.598303,4070135.871973,0,DRIVING,1.94
346479.398487,4070135.84967,0,DRIVING,1.94
346479.198672,4070135.827366,0,DRIVING,1.94
346478.998857,4070135.805062,0,DRIVING,1.94
346478.796333,4070135.797604,0,DRIVING,1.94
346478.593808,4070135.790147,0,DRIVING,1.94
346478.391283,4070135.782689,0,DRIVING,1.94
346478.101284,4070135.79345,0,DRIVING,1.94
346477.811285,4070135.804211,0,DRIVING,1.94
346477.561819,4070135.83459,0,DRIVING,1.94
346477.312353,4070135.864969,0,DRIVING,1.94
346477.062887,4070135.895348,0,DRIVING,1.94
346476.829462,4070135.923959,0,DRIVING,1.94
346476.596036,4070135.95257,0,DRIVING,1.94
346476.362611,4070135.981181,0,DRIVING,1.94
346476.129186,4070136.009792,0,DRIVING,1.94
346475.89576,4070136.038403,0,DRIVING,1.94
346475.619848,4070136.087754,0,DRIVING,1.94
346475.343936,4070136.137105,0,DRIVING,1.94
346475.139367,4070136.181474,0,DRIVING,1.94
346474.934797,4070136.225843,0,DRIVING,1.94
346474.730228,4070136.270213,0,DRIVING,1.94
346474.444991,4070136.297535,0,DRIVING,1.94
346474.159754,4070136.324858,0,DRIVING,1.94
346473.957429,4070136.328495,0,DRIVING,1.94
346473.755104,4070136.332131,0,DRIVING,1.94
346473.552779,4070136.335768,0,DRIVING,1.94
346473.262181,4070136.313246,0,DRIVING,1.94
346472.971584,4070136.290725,0,DRIVING,1.94
346472.676225,4070136.251642,0,DRIVING,1.94
346472.380865,4070136.21256,0,DRIVING,1.94
346472.090368,4070136.195585,0,DRIVING,1.94
346471.79987,4070136.178611,0,DRIVING,1.94
346471.552906,4070136.099816,0,DRIVING,1.94
346471.305943,4070136.021021,0,DRIVING,1.94
346471.044892,4070135.903636,0,DRIVING,1.94
346470.783841,4070135.786252,0,DRIVING,1.94
346470.597573,4070135.689719,0,DRIVING,1.94
346470.411305,4070135.593186,0,DRIVING,1.94
346470.225038,4070135.496653,0,DRIVING,1.94
346470.041346,4070135.377877,0,DRIVING,1.94
346469.857655,4070135.259102,0,DRIVING,1.94
346469.673964,4070135.140327,0,DRIVING,1.94
346469.518121,4070135.014393,0,DRIVING,1.94
346469.362279,4070134.888458,0,DRIVING,1.94
346469.206436,4070134.762524,0,DRIVING,1.94
346469.050594,4070134.63659,0,DRIVING,1.94
346468.894751,4070134.510655,0,DRIVING,1.94
346468.738909,4070134.384721,0,DRIVING,1.94
346468.583066,4070134.258787,0,DRIVING,1.94
346468.427224,4070134.132852,0,DRIVING,1.94
346468.271381,4070134.006918,0,DRIVING,1.94
346468.115539,4070133.880983,0,DRIVING,1.94
346467.959697,4070133.755049,0,DRIVING,1.94
346467.803854,4070133.629115,0,DRIVING,1.94
346467.648012,4070133.50318,0,DRIVING,1.94
346467.492169,4070133.377246,0,DRIVING,1.94
346467.336327,4070133.251312,0,DRIVING,1.94
346467.180484,4070133.125377,0,DRIVING,1.94
346467.024642,4070132.999443,0,DRIVING,1.94
346466.868799,4070132.873508,0,DRIVING,1.94
346466.712957,4070132.747574,0,DRIVING,1.94
346466.557114,4070132.62164,0,DRIVING,1.94
346466.401272,4070132.495705,0,DRIVING,1.94
346466.245429,4070132.369771,0,DRIVING,1.94
346466.089587,4070132.243837,0,DRIVING,1.94
346465.933744,4070132.117902,0,DRIVING,1.94
346465.777902,4070131.991968,0,DRIVING,1.94
346465.626081,4070131.851312,0,DRIVING,1.94
346465.474259,4070131.710656,0,DRIVING,1.94
346465.322438,4070131.57,0,DRIVING,1.94
346465.170617,4070131.429345,0,DRIVING,1.94
346465.018795,4070131.288689,0,DRIVING,1.94
346464.866974,4070131.148033,0,DRIVING,1.94
346464.715153,4070131.007377,0,DRIVING,1.94
346464.563331,4070130.866721,0,DRIVING,1.94
346464.41151,4070130.726066,0,DRIVING,1.94
346464.259689,4070130.58541,0,DRIVING,1.94
346464.107868,4070130.444754,0,DRIVING,1.94
346463.956046,4070130.304098,0,DRIVING,1.94
346463.804225,4070130.163442,0,DRIVING,1.94
346463.652404,4070130.022786,0,DRIVING,1.94
346463.500582,4070129.882131,0,DRIVING,1.94
346463.348761,4070129.741475,0,DRIVING,1.94
346463.19694,4070129.600819,0,DRIVING,1.94
346463.045118,4070129.460163,0,DRIVING,1.94
346462.893297,4070129.319507,0,DRIVING,1.94
346462.741476,4070129.178851,0,DRIVING,1.94
346462.589655,4070129.038196,0,DRIVING,1.94
346462.437833,4070128.89754,0,DRIVING,1.94
346462.286012,4070128.756884,0,DRIVING,1.94
346462.134191,4070128.616228,0,DRIVING,1.94
346461.982369,4070128.475572,0,DRIVING,1.94
346461.838122,4070128.330866,0,DRIVING,1.94
346461.693874,4070128.18616,0,DRIVING,1.94
346461.549626,4070128.041453,0,DRIVING,1.94
346461.405378,4070127.896747,0,DRIVING,1.94
346461.261131,4070127.75204,0,DRIVING,1.94
346461.116883,4070127.607334,0,DRIVING,1.94
346460.972635,4070127.462627,0,DRIVING,1.94
346460.828387,4070127.317921,0,DRIVING,1.94
346460.68414,4070127.173214,0,DRIVING,1.94
346460.539892,4070127.028508,0,DRIVING,1.94
346460.395644,4070126.883802,0,DRIVING,1.94
346460.251396,4070126.739095,0,DRIVING,1.94
346460.107149,4070126.594389,0,DRIVING,1.94
346459.962901,4070126.449682,0,DRIVING,1.94
346459.818653,4070126.304976,0,DRIVING,1.94
346459.674405,4070126.160269,0,DRIVING,1.94
346459.530158,4070126.015563,0,DRIVING,1.94
346459.38591,4070125.870857,0,DRIVING,1.94
346459.241662,4070125.72615,0,DRIVING,1.94
346459.097414,4070125.581444,0,DRIVING,1.94
346458.953167,4070125.436737,0,DRIVING,1.94
346458.808919,4070125.292031,0,DRIVING,1.94
346458.668154,4070125.147368,0,DRIVING,1.94
346458.527388,4070125.002705,0,DRIVING,1.94
346458.386623,4070124.858042,0,DRIVING,1.94
346458.245858,4070124.71338,0,DRIVING,1.94
346458.105093,4070124.568717,0,DRIVING,1.94
346457.964328,4070124.424054,0,DRIVING,1.94
346457.823563,4070124.279391,0,DRIVING,1.94
346457.682797,4070124.134728,0,DRIVING,1.94
346457.542032,4070123.990066,0,DRIVING,1.94
346457.401267,4070123.845403,0,DRIVING,1.94
346457.260502,4070123.70074,0,DRIVING,1.94
346457.119737,4070123.556077,0,DRIVING,1.94
346456.978971,4070123.411414,0,DRIVING,1.94
346456.838206,4070123.266752,0,DRIVING,1.94
346456.697441,4070123.122089,0,DRIVING,1.94
346456.556676,4070122.977426,0,DRIVING,1.94
346456.415911,4070122.832763,0,DRIVING,1.94
346456.275146,4070122.688101,0,DRIVING,1.94
346456.13438,4070122.543438,0,DRIVING,1.94
346455.989527,4070122.401769,0,DRIVING,1.94
346455.844675,4070122.2601,0,DRIVING,1.94
346455.699822,4070122.118431,0,DRIVING,1.94
346455.554969,4070121.976763,0,DRIVING,1.94
346455.410116,4070121.835094,0,DRIVING,1.94
346455.265263,4070121.693425,0,DRIVING,1.94
346455.12041,4070121.551756,0,DRIVING,1.94
346454.975557,4070121.410088,0,DRIVING,1.94
346454.830705,4070121.268419,0,DRIVING,1.94
346454.685852,4070121.12675,0,DRIVING,1.94
346454.540999,4070120.985081,0,DRIVING,1.94
346454.396146,4070120.843412,0,DRIVING,1.94
346454.251293,4070120.701744,0,DRIVING,1.94
346454.10644,4070120.560075,0,DRIVING,1.94
346453.961587,4070120.418406,0,DRIVING,1.94
346453.816735,4070120.276737,0,DRIVING,1.94
346453.663488,4070120.133832,0,DRIVING,1.94
346453.510242,4070119.990927,0,DRIVING,1.94
346453.356996,4070119.848022,0,DRIVING,1.94
346453.20375,4070119.705117,0,DRIVING,1.94
346453.050504,4070119.562212,0,DRIVING,1.94
346452.897258,4070119.419307,0,DRIVING,1.94
346452.744012,4070119.276402,0,DRIVING,1.94
346452.590766,4070119.133497,0,DRIVING,1.94
346452.43752,4070118.990592,0,DRIVING,1.94
346452.284273,4070118.847686,0,DRIVING,1.94
346452.131027,4070118.704781,0,DRIVING,1.94
346451.977781,4070118.561876,0,DRIVING,1.94
346451.824535,4070118.418971,0,DRIVING,1.94
346451.671289,4070118.276066,0,DRIVING,1.94
346451.518043,4070118.133161,0,DRIVING,1.94
346451.364797,4070117.990256,0,DRIVING,1.94
346451.21889,4070117.852074,0,DRIVING,1.94
346451.072984,4070117.713893,0,DRIVING,1.94
346450.927077,4070117.575711,0,DRIVING,1.94
346450.781171,4070117.437529,0,DRIVING,1.94
346450.635264,4070117.299348,0,DRIVING,1.94
346450.489358,4070117.161166,0,DRIVING,1.94
346450.343452,4070117.022984,0,DRIVING,1.94
346450.197545,4070116.884803,0,DRIVING,1.94
346450.051639,4070116.746621,0,DRIVING,1.94
346449.905732,4070116.608439,0,DRIVING,1.94
346449.759826,4070116.470258,0,DRIVING,1.94
346449.613919,4070116.332076,0,DRIVING,1.94
346449.468013,4070116.193894,0,DRIVING,1.94
346449.322106,4070116.055713,0,DRIVING,1.94
346449.1762,4070115.917531,0,DRIVING,1.94
346449.030293,4070115.779349,0,DRIVING,1.94
346448.859824,4070115.651089,0,DRIVING,1.94
346448.689355,4070115.522828,0,DRIVING,1.94
346448.518886,4070115.394567,0,DRIVING,1.94
346448.348417,4070115.266307,0,DRIVING,1.94
346448.177948,4070115.138046,0,DRIVING,1.94
346448.007479,4070115.009786,0,DRIVING,1.94
346447.83701,4070114.881525,0,DRIVING,1.94
346447.666541,4070114.753264,0,DRIVING,1.94
346447.496072,4070114.625004,0,DRIVING,1.94
346447.325603,4070114.496743,0,DRIVING,1.94
346447.155134,4070114.368483,0,DRIVING,1.94
346446.984665,4070114.240222,0,DRIVING,1.94
346446.790693,4070114.129031,0,DRIVING,1.94
346446.59672,4070114.01784,0,DRIVING,1.94
346446.402747,4070113.906648,0,DRIVING,1.94
346446.208774,4070113.795457,0,DRIVING,1.94
346446.014801,4070113.684266,0,DRIVING,1.94
346445.820828,4070113.573075,0,DRIVING,1.94
346445.550052,4070113.411474,0,DRIVING,1.94
346445.199539,4070113.284601,0,DRIVING,1.94
346444.992709,4070113.203235,0,DRIVING,1.94
346444.785879,4070113.121869,0,DRIVING,1.94
346444.579048,4070113.040504,0,DRIVING,1.94
346444.28289,4070112.957045,0,DRIVING,1.94
346443.950828,4070112.863133,0,DRIVING,1.94
346443.738246,4070112.792969,0,DRIVING,1.94
346443.525665,4070112.722805,0,DRIVING,1.94
346443.313083,4070112.65264,0,DRIVING,1.94
346443.110667,4070112.603961,0,DRIVING,1.94
346442.908251,4070112.555281,0,DRIVING,1.94
346442.705835,4070112.506601,0,DRIVING,1.94
346442.503419,4070112.457922,0,DRIVING,1.94
346442.301003,4070112.409242,0,DRIVING,1.94
346442.098587,4070112.360562,0,DRIVING,1.94
346441.896171,4070112.311883,0,DRIVING,1.94
346441.687496,4070112.293438,0,DRIVING,1.94
346441.47882,4070112.274994,0,DRIVING,1.94
346441.270145,4070112.25655,0,DRIVING,1.94
346441.061469,4070112.238106,0,DRIVING,1.94
346440.852794,4070112.219661,0,DRIVING,1.94
346440.644118,4070112.201217,0,DRIVING,1.94
346440.439216,4070112.227097,0,DRIVING,1.94
346440.234314,4070112.252976,0,DRIVING,1.94
346440.029411,4070112.278856,0,DRIVING,1.94
346439.708669,4070112.317916,0,DRIVING,1.94
346439.353418,4070112.424184,0,DRIVING,1.94
346439.050927,4070112.485111,0,DRIVING,1.94
346438.767883,4070112.634473,0,DRIVING,1.94
346438.743099,4070112.745897,0,DRIVING,1.94
346438.560354,4070112.845365,0,DRIVING,1.94
346438.377609,4070112.944832,0,DRIVING,1.94
346438.194864,4070113.044299,0,DRIVING,1.94
346438.160556,4070113.122601,0,DRIVING,1.94
346438.008562,4070113.277005,0,DRIVING,1.94
346437.856568,4070113.431409,0,DRIVING,1.94
346437.704575,4070113.585813,0,DRIVING,1.94
346437.549672,4070113.743969,0,DRIVING,1.94
346437.394769,4070113.902124,0,DRIVING,1.94
346437.239866,4070114.06028,0,DRIVING,1.94
346437.097065,4070114.229315,0,DRIVING,1.94
346436.954263,4070114.398351,0,DRIVING,1.94
346436.811461,4070114.567387,0,DRIVING,1.94
346436.680894,4070114.7547,0,DRIVING,1.94
346436.550326,4070114.942012,0,DRIVING,1.94
346436.419758,4070115.129324,0,DRIVING,1.94
346436.318944,4070115.316102,0,DRIVING,1.94
346436.21813,4070115.50288,0,DRIVING,1.94
346436.117316,4070115.689657,0,DRIVING,1.94
346436.016502,4070115.876435,0,DRIVING,1.94
346435.915689,4070116.063212,0,DRIVING,1.94
346435.814875,4070116.24999,0,DRIVING,1.94
346435.714061,4070116.436767,0,DRIVING,1.94
346435.613247,4070116.623545,0,DRIVING,1.94
346435.512433,4070116.810322,0,DRIVING,1.94
346435.411619,4070116.9971,0,DRIVING,1.94
346435.310805,4070117.183877,0,DRIVING,1.94
346435.209991,4070117.370655,0,DRIVING,1.94
346435.075482,4070117.524976,0,DRIVING,1.94
346434.940973,4070117.679296,0,DRIVING,1.94
346434.806464,4070117.833617,0,DRIVING,1.94
346434.671954,4070117.987938,0,DRIVING,1.94
346434.537445,4070118.142259,0,DRIVING,1.94
346434.402936,4070118.29658,0,DRIVING,1.94
346434.268427,4070118.450901,0,DRIVING,1.94
346434.133918,4070118.605221,0,DRIVING,1.94
346433.999409,4070118.759542,0,DRIVING,1.94
346433.8649,4070118.913863,0,DRIVING,1.94
346433.73039,4070119.068184,0,DRIVING,1.94
346433.595881,4070119.222505,0,DRIVING,1.94
346433.461372,4070119.376826,0,DRIVING,1.94
346433.326863,4070119.531146,0,DRIVING,1.94
346433.192354,4070119.685467,0,DRIVING,1.94
346433.057845,4070119.839788,0,DRIVING,1.94
346432.918649,4070119.986563,0,DRIVING,1.94
346432.779454,4070120.133339,0,DRIVING,1.94
346432.640259,4070120.280114,0,DRIVING,1.94
346432.501064,4070120.42689,0,DRIVING,1.94
346432.361869,4070120.573665,0,DRIVING,1.94
346432.222674,4070120.72044,0,DRIVING,1.94
346432.083479,4070120.867216,0,DRIVING,1.94
346431.944284,4070121.013991,0,DRIVING,1.94
346431.805089,4070121.160766,0,DRIVING,1.94
346431.665894,4070121.307542,0,DRIVING,1.94
346431.526699,4070121.454317,0,DRIVING,1.94
346431.387504,4070121.601092,0,DRIVING,1.94
346431.248308,4070121.747868,0,DRIVING,1.94
346431.109113,4070121.894643,0,DRIVING,1.94
346430.969918,4070122.041418,0,DRIVING,1.94
346430.830723,4070122.188194,0,DRIVING,1.94
346430.691528,4070122.334969,0,DRIVING,1.94
346430.552333,4070122.481744,0,DRIVING,1.94
346430.413138,4070122.62852,0,DRIVING,1.94
346430.273943,4070122.775295,0,DRIVING,1.94
346430.134748,4070122.92207,0,DRIVING,1.94
346429.995553,4070123.068846,0,DRIVING,1.94
346429.856358,4070123.215621,0,DRIVING,1.94
346429.717163,4070123.362396,0,DRIVING,1.94
346429.577967,4070123.509172,0,DRIVING,1.94
346429.438772,4070123.655947,0,DRIVING,1.94
346429.302241,4070123.802674,0,DRIVING,1.94
346429.16571,4070123.949402,0,DRIVING,1.94
346429.029178,4070124.096129,0,DRIVING,1.94
346428.892647,4070124.242857,0,DRIVING,1.94
346428.756116,4070124.389584,0,DRIVING,1.94
346428.619584,4070124.536312,0,DRIVING,1.94
346428.483053,4070124.683039,0,DRIVING,1.94
346428.346522,4070124.829767,0,DRIVING,1.94
346428.20999,4070124.976494,0,DRIVING,1.94
346428.073459,4070125.123222,0,DRIVING,1.94
346427.936928,4070125.269949,0,DRIVING,1.94
346427.800397,4070125.416677,0,DRIVING,1.94
346427.663865,4070125.563405,0,DRIVING,1.94
346427.527334,4070125.710132,0,DRIVING,1.94
346427.390803,4070125.85686,0,DRIVING,1.94
346427.254271,4070126.003587,0,DRIVING,1.94
346427.11774,4070126.150315,0,DRIVING,1.94
346426.981209,4070126.297042,0,DRIVING,1.94
346426.844677,4070126.44377,0,DRIVING,1.94
346426.708146,4070126.590497,0,DRIVING,1.94
346426.571615,4070126.737225,0,DRIVING,1.94
346426.435083,4070126.883952,0,DRIVING,1.94
346426.298552,4070127.03068,0,DRIVING,1.94
346426.162021,4070127.177407,0,DRIVING,1.94
346426.025489,4070127.324135,0,DRIVING,1.94
346425.888958,4070127.470862,0,DRIVING,1.94
346425.752427,4070127.61759,0,DRIVING,1.94
346425.615895,4070127.764317,0,DRIVING,1.94
346425.479364,4070127.911045,0,DRIVING,1.94
346425.340919,4070128.063702,0,DRIVING,1.94
346425.202474,4070128.21636,0,DRIVING,1.94
346425.064029,4070128.369018,0,DRIVING,1.94
346424.925584,4070128.521676,0,DRIVING,1.94
346424.787138,4070128.674333,0,DRIVING,1.94
346424.648693,4070128.826991,0,DRIVING,1.94
346424.510248,4070128.979649,0,DRIVING,1.94
346424.371803,4070129.132307,0,DRIVING,1.94
346424.233358,4070129.284965,0,DRIVING,1.94
346424.094913,4070129.437622,0,DRIVING,1.94
346423.956468,4070129.59028,0,DRIVING,1.94
346423.818023,4070129.742938,0,DRIVING,1.94
346423.679578,4070129.895596,0,DRIVING,1.94
346423.541132,4070130.048253,0,DRIVING,1.94
346423.402687,4070130.200911,0,DRIVING,1.94
346423.264242,4070130.353569,0,DRIVING,1.94
346423.125797,4070130.506227,0,DRIVING,1.94
346422.987352,4070130.658884,0,DRIVING,1.94
346422.848907,4070130.811542,0,DRIVING,1.94
346422.710462,4070130.9642,0,DRIVING,1.94
346422.572017,4070131.116858,0,DRIVING,1.94
346422.433571,4070131.269515,0,DRIVING,1.94
346422.295126,4070131.422173,0,DRIVING,1.94
346422.156681,4070131.574831,0,DRIVING,1.94
346422.018236,4070131.727489,0,DRIVING,1.94
346421.879791,4070131.880146,0,DRIVING,1.94
346421.741346,4070132.032804,0,DRIVING,1.94
346421.602901,4070132.185462,0,DRIVING,1.94
346421.464456,4070132.33812,0,DRIVING,1.94
346421.32601,4070132.490777,0,DRIVING,1.94
346421.187565,4070132.643435,0,DRIVING,1.94
346421.04912,4070132.796093,0,DRIVING,1.94
346420.90357,4070132.944647,0,DRIVING,1.94
346420.75802,4070133.093202,0,DRIVING,1.94
346420.612469,4070133.241756,0,DRIVING,1.94
346420.466919,4070133.390311,0,DRIVING,1.94
346420.321368,4070133.538865,0,DRIVING,1.94
346420.175818,4070133.68742,0,DRIVING,1.94
346420.030268,4070133.835974,0,DRIVING,1.94
346419.884717,4070133.984529,0,DRIVING,1.94
346419.739167,4070134.133083,0,DRIVING,1.94
346419.593617,4070134.281638,0,DRIVING,1.94
346419.448066,4070134.430192,0,DRIVING,1.94
346419.302516,4070134.578747,0,DRIVING,1.94
346419.156966,4070134.727302,0,DRIVING,1.94
346419.011415,4070134.875856,0,DRIVING,1.94
346418.865865,4070135.024411,0,DRIVING,1.94
346418.720315,4070135.172965,0,DRIVING,1.94
346418.574764,4070135.32152,0,DRIVING,1.94
346418.429214,4070135.470074,0,DRIVING,1.94
346418.283663,4070135.618629,0,DRIVING,1.94
346418.138113,4070135.767183,0,DRIVING,1.94
346417.99341,4070135.913204,0,DRIVING,1.94
346417.848707,4070136.059225,0,DRIVING,1.94
346417.704004,4070136.205246,0,DRIVING,1.94
346417.559301,4070136.351267,0,DRIVING,1.94
346417.414599,4070136.497288,0,DRIVING,1.94
346417.269896,4070136.643309,0,DRIVING,1.94
346417.125193,4070136.78933,0,DRIVING,1.94
346416.98049,4070136.935351,0,DRIVING,1.94
346416.835787,4070137.081372,0,DRIVING,1.94
346416.691084,4070137.227393,0,DRIVING,1.94
346416.546381,4070137.373414,0,DRIVING,1.94
346416.401678,4070137.519435,0,DRIVING,1.94
346416.256975,4070137.665456,0,DRIVING,1.94
346416.112272,4070137.811476,0,DRIVING,1.94
346415.96757,4070137.957497,0,DRIVING,1.94
346415.822867,4070138.103518,0,DRIVING,1.94
346415.678164,4070138.249539,0,DRIVING,1.94
346415.533461,4070138.39556,0,DRIVING,1.94
346415.388758,4070138.541581,0,DRIVING,1.94
346415.244055,4070138.687602,0,DRIVING,1.94
346415.099352,4070138.833623,0,DRIVING,1.94
346414.954649,4070138.979644,0,DRIVING,1.94
346414.809946,4070139.125665,0,DRIVING,1.94
346414.665243,4070139.271686,0,DRIVING,1.94
346414.520541,4070139.417707,0,DRIVING,1.94
346414.375838,4070139.563728,0,DRIVING,1.94
346414.240862,4070139.71274,0,DRIVING,1.94
346414.105886,4070139.861752,0,DRIVING,1.94
346413.97091,4070140.010764,0,DRIVING,1.94
346413.835934,4070140.159775,0,DRIVING,1.94
346413.700958,4070140.308787,0,DRIVING,1.94
346413.565982,4070140.457799,0,DRIVING,1.94
346413.431006,4070140.606811,0,DRIVING,1.94
346413.29603,4070140.755823,0,DRIVING,1.94
346413.161054,4070140.904835,0,DRIVING,1.94
346413.026079,4070141.053847,0,DRIVING,1.94
346412.891103,4070141.202859,0,DRIVING,1.94
346412.756127,4070141.35187,0,DRIVING,1.94
346412.621151,4070141.500882,0,DRIVING,1.94
346412.486175,4070141.649894,0,DRIVING,1.94
346412.351199,4070141.798906,0,DRIVING,1.94
346412.216223,4070141.947918,0,DRIVING,1.94
346412.081247,4070142.09693,0,DRIVING,1.94
346411.946271,4070142.245942,0,DRIVING,1.94
346411.811295,4070142.394954,0,DRIVING,1.94
346411.676319,4070142.543965,0,DRIVING,1.94
346411.541343,4070142.692977,0,DRIVING,1.94
346411.406368,4070142.841989,0,DRIVING,1.94
346411.271392,4070142.991001,0,DRIVING,1.94
346411.136416,4070143.140013,0,DRIVING,1.94
346410.99405,4070143.284561,0,DRIVING,1.94
346410.851685,4070143.429109,0,DRIVING,1.94
346410.709319,4070143.573657,0,DRIVING,1.94
346410.566953,4070143.718204,0,DRIVING,1.94
346410.424588,4070143.862752,0,DRIVING,1.94
346410.282222,4070144.0073,0,DRIVING,1.94
346410.139857,4070144.151848,0,DRIVING,1.94
346409.997491,4070144.296396,0,DRIVING,1.94
346409.855126,4070144.440944,0,DRIVING,1.94
346409.71276,4070144.585492,0,DRIVING,1.94
346409.570394,4070144.73004,0,DRIVING,1.94
346409.428029,4070144.874588,0,DRIVING,1.94
346409.285663,4070145.019136,0,DRIVING,1.94
346409.143298,4070145.163683,0,DRIVING,1.94
346409.000932,4070145.308231,0,DRIVING,1.94
346408.858567,4070145.452779,0,DRIVING,1.94
346408.716201,4070145.597327,0,DRIVING,1.94
346408.573835,4070145.741875,0,DRIVING,1.94
346408.43147,4070145.886423,0,DRIVING,1.94
346408.289104,4070146.030971,0,DRIVING,1.94
346408.146739,4070146.175519,0,DRIVING,1.94
346408.004373,4070146.320067,0,DRIVING,1.94
346407.862008,4070146.464614,0,DRIVING,1.94
346407.719642,4070146.609162,0,DRIVING,1.94
346407.577276,4070146.75371,0,DRIVING,1.94
346407.434911,4070146.898258,0,DRIVING,1.94
346407.292545,4070147.042806,0,DRIVING,1.94
346407.15018,4070147.187354,0,DRIVING,1.94
346407.007814,4070147.331902,0,DRIVING,1.94
346406.865449,4070147.47645,0,DRIVING,1.94
346406.723083,4070147.620998,0,DRIVING,1.94
346406.580718,4070147.765546,0,DRIVING,1.94
346406.438352,4070147.910093,0,DRIVING,1.94
346406.295986,4070148.054641,0,DRIVING,1.94
346406.158479,4070148.202059,0,DRIVING,1.94
346406.020972,4070148.349477,0,DRIVING,1.94
346405.883465,4070148.496896,0,DRIVING,1.94
346405.745958,4070148.644314,0,DRIVING,1.94
346405.608451,4070148.791732,0,DRIVING,1.94
346405.470944,4070148.93915,0,DRIVING,1.94
346405.333437,4070149.086568,0,DRIVING,1.94
346405.19593,4070149.233986,0,DRIVING,1.94
346405.058422,4070149.381404,0,DRIVING,1.94
346404.920915,4070149.528822,0,DRIVING,1.94
346404.783408,4070149.67624,0,DRIVING,1.94
346404.645901,4070149.823658,0,DRIVING,1.94
346404.508394,4070149.971076,0,DRIVING,1.94
346404.370887,4070150.118494,0,DRIVING,1.94
346404.23338,4070150.265912,0,DRIVING,1.94
346404.095873,4070150.413331,0,DRIVING,1.94
346403.958366,4070150.560749,0,DRIVING,1.94
346403.820859,4070150.708167,0,DRIVING,1.94
346403.683351,4070150.855585,0,DRIVING,1.94
346403.545844,4070151.003003,0,DRIVING,1.94
346403.408337,4070151.150421,0,DRIVING,1.94
346403.27083,4070151.297839,0,DRIVING,1.94
346403.133323,4070151.445257,0,DRIVING,1.94
346402.995816,4070151.592675,0,DRIVING,1.94
346402.858309,4070151.740093,0,DRIVING,1.94
346402.720802,4070151.887511,0,DRIVING,1.94
346402.583295,4070152.034929,0,DRIVING,1.94
346402.445788,4070152.182348,0,DRIVING,1.94
346402.30828,4070152.329766,0,DRIVING,1.94
346402.170773,4070152.477184,0,DRIVING,1.94
346402.033266,4070152.624602,0,DRIVING,1.94
346401.895759,4070152.77202,0,DRIVING,1.94
346401.758252,4070152.919438,0,DRIVING,1.94
346401.620491,4070153.071737,0,DRIVING,1.94
346401.482729,4070153.224036,0,DRIVING,1.94
346401.344968,4070153.376335,0,DRIVING,1.94
346401.207207,4070153.528634,0,DRIVING,1.94
346401.069445,4070153.680933,0,DRIVING,1.94
346400.931684,4070153.833232,0,DRIVING,1.94
346400.793922,4070153.985531,0,DRIVING,1.94
346400.656161,4070154.137831,0,DRIVING,1.94
346400.5184,4070154.29013,0,DRIVING,1.94
346400.380638,4070154.442429,0,DRIVING,1.94
346400.242877,4070154.594728,0,DRIVING,1.94
346400.105116,4070154.747027,0,DRIVING,1.94
346399.967354,4070154.899326,0,DRIVING,1.94
346399.829593,4070155.051625,0,DRIVING,1.94
346399.691832,4070155.203924,0,DRIVING,1.94
346399.55407,4070155.356223,0,DRIVING,1.94
346399.416309,4070155.508522,0,DRIVING,1.94
346399.278547,4070155.660821,0,DRIVING,1.94
346399.140786,4070155.813121,0,DRIVING,1.94
346399.003025,4070155.96542,0,DRIVING,1.94
346398.865263,4070156.117719,0,DRIVING,1.94
346398.727502,4070156.270018,0,DRIVING,1.94
346398.589741,4070156.422317,0,DRIVING,1.94
346398.451979,4070156.574616,0,DRIVING,1.94
346398.314218,4070156.726915,0,DRIVING,1.94
346398.176457,4070156.879214,0,DRIVING,1.94
346398.038695,4070157.031513,0,DRIVING,1.94
346397.900934,4070157.183812,0,DRIVING,1.94
346397.763172,4070157.336111,0,DRIVING,1.94
346397.625411,4070157.48841,0,DRIVING,1.94
346397.48765,4070157.64071,0,DRIVING,1.94
346397.349888,4070157.793009,0,DRIVING,1.94
346397.212127,4070157.945308,0,DRIVING,1.94
346397.074366,4070158.097607,0,DRIVING,1.94
346396.946037,4070158.256566,0,DRIVING,1.94
346396.817708,4070158.415525,0,DRIVING,1.94
346396.68938,4070158.574484,0,DRIVING,1.94
346396.561051,4070158.733443,0,DRIVING,1.94
346396.432722,4070158.892402,0,DRIVING,1.94
346396.304394,4070159.051361,0,DRIVING,1.94
346396.176065,4070159.21032,0,DRIVING,1.94
346396.047737,4070159.369279,0,DRIVING,1.94
346395.919408,4070159.528238,0,DRIVING,1.94
346395.791079,4070159.687197,0,DRIVING,1.94
346395.662751,4070159.846156,0,DRIVING,1.94
346395.534422,4070160.005115,0,DRIVING,1.94
346395.406093,4070160.164074,0,DRIVING,1.94
346395.277765,4070160.323033,0,DRIVING,1.94
346395.149436,4070160.481992,0,DRIVING,1.94
346395.021107,4070160.640951,0,DRIVING,1.94
346394.892779,4070160.79991,0,DRIVING,1.94
346394.76445,4070160.958869,0,DRIVING,1.94
346394.636121,4070161.117828,0,DRIVING,1.94
346394.507793,4070161.276787,0,DRIVING,1.94
346394.379464,4070161.435746,0,DRIVING,1.94
346394.251136,4070161.594705,0,DRIVING,1.94
346394.122807,4070161.753664,0,DRIVING,1.94
346393.994478,4070161.912623,0,DRIVING,1.94
346393.86615,4070162.071582,0,DRIVING,1.94
346393.737821,4070162.230541,0,DRIVING,1.94
346393.628149,4070162.421178,0,DRIVING,1.94
346393.518477,4070162.611814,0,DRIVING,1.94
346393.408805,4070162.802451,0,DRIVING,1.94
346393.180717,4070163.028511,0,DRIVING,1.94
346393.026432,4070163.386419,0,DRIVING,1.94
346392.93157,4070163.57309,0,DRIVING,1.94
346392.836709,4070163.759761,0,DRIVING,1.94
346392.741847,4070163.946432,0,DRIVING,1.94
346392.549863,4070164.194038,0,DRIVING,1.94
346392.550262,4070164.216227,0,DRIVING,1.94
346392.485527,4070164.408073,0,DRIVING,1.94
346392.420792,4070164.59992,0,DRIVING,1.94
346392.356057,4070164.791766,0,DRIVING,1.94
346392.291323,4070164.983613,0,DRIVING,1.94
346392.226588,4070165.175459,0,DRIVING,1.94
346392.161853,4070165.367305,0,DRIVING,1.94
346392.097119,4070165.559152,0,DRIVING,1.94
346392.032384,4070165.750998,0,DRIVING,1.94
346391.967649,4070165.942844,0,DRIVING,1.94
346391.902914,4070166.134691,0,DRIVING,1.94
346391.83818,4070166.326537,0,DRIVING,1.94
346391.80933,4070166.542849,0,DRIVING,1.94
346391.780481,4070166.75916,0,DRIVING,1.94
346391.751631,4070166.975472,0,DRIVING,1.94
346391.722782,4070167.191783,0,DRIVING,1.94
346391.693933,4070167.408094,0,DRIVING,1.94
346391.665083,4070167.624406,0,DRIVING,1.94
346391.636234,4070167.840717,0,DRIVING,1.94
346391.607384,4070168.057029,0,DRIVING,1.94
346391.578535,4070168.27334,0,DRIVING,1.94
346391.548417,4070168.584623,0,DRIVING,1.94
346391.527824,4070168.929029,0,DRIVING,1.94
346391.505036,4070169.151396,0,DRIVING,1.94
346391.482249,4070169.373764,0,DRIVING,1.94
346391.459461,4070169.596132,0,DRIVING,1.94
346391.460409,4070169.814374,0,DRIVING,1.94
346391.461358,4070170.032616,0,DRIVING,1.94
346391.462306,4070170.250858,0,DRIVING,1.94
346391.487058,4070170.468671,0,DRIVING,1.94
346391.511809,4070170.686485,0,DRIVING,1.94
346391.536561,4070170.904299,0,DRIVING,1.94
346391.558337,4070171.122166,0,DRIVING,1.94
346391.580113,4070171.340033,0,DRIVING,1.94
346391.601889,4070171.5579,0,DRIVING,1.94
346391.6357,4070171.782949,0,DRIVING,1.94
346391.66951,4070172.007999,0,DRIVING,1.94
346391.703321,4070172.233048,0,DRIVING,1.94
346391.751514,4070172.430358,0,DRIVING,1.94
346391.799707,4070172.627668,0,DRIVING,1.94
346391.8479,4070172.824979,0,DRIVING,1.94
346391.896094,4070173.022289,0,DRIVING,1.94
346391.944287,4070173.219599,0,DRIVING,1.94
346391.99248,4070173.416909,0,DRIVING,1.94
346392.040673,4070173.614219,0,DRIVING,1.94
346392.130417,4070173.804969,0,DRIVING,1.94
346392.220161,4070173.995719,0,DRIVING,1.94
346392.309905,4070174.186469,0,DRIVING,1.94
346392.414991,4070174.402838,0,DRIVING,1.94
346392.520077,4070174.619206,0,DRIVING,1.94
346392.625163,4070174.835575,0,DRIVING,1.94
346392.72119,4070175.044709,0,DRIVING,1.94
346392.817217,4070175.253842,0,DRIVING,1.94
346392.913244,4070175.462975,0,DRIVING,1.94
346393.032808,4070175.656888,0,DRIVING,1.94
346393.152372,4070175.850801,0,DRIVING,1.94
346393.271936,4070176.044713,0,DRIVING,1.94
346393.373581,4070176.235249,0,DRIVING,1.94
346393.475226,4070176.425785,0,DRIVING,1.94
346393.576871,4070176.616321,0,DRIVING,1.94
346393.713954,4070176.791422,0,DRIVING,1.94
346393.851038,4070176.966523,0,DRIVING,1.94
346393.988121,4070177.141624,0,DRIVING,1.94
346394.13704,4070177.312813,0,DRIVING,1.94
346394.285958,4070177.484002,0,DRIVING,1.94
346394.434876,4070177.655191,0,DRIVING,1.94
346394.581807,4070177.793775,0,DRIVING,1.94
346394.728739,4070177.932359,0,DRIVING,1.94
346394.87567,4070178.070943,0,DRIVING,1.94
346395.022601,4070178.209527,0,DRIVING,1.94
346395.169532,4070178.348111,0,DRIVING,1.94
346395.316463,4070178.486695,0,DRIVING,1.94
346395.463395,4070178.625279,0,DRIVING,1.94
346395.610326,4070178.763863,0,DRIVING,1.94
346395.757257,4070178.902447,0,DRIVING,1.94
346395.904188,4070179.041031,0,DRIVING,1.94
346396.051119,4070179.179615,0,DRIVING,1.94
346396.198051,4070179.318199,0,DRIVING,1.94
346396.344982,4070179.456783,0,DRIVING,1.94
346396.491913,4070179.595367,0,DRIVING,1.94
346396.638844,4070179.733951,0,DRIVING,1.94
346396.785775,4070179.872535,0,DRIVING,1.94
346396.932707,4070180.011119,0,DRIVING,1.94
346397.079638,4070180.149703,0,DRIVING,1.94
346397.226569,4070180.288287,0,DRIVING,1.94
346397.3735,4070180.426871,0,DRIVING,1.94
346397.520431,4070180.565455,0,DRIVING,1.94
346397.667363,4070180.704039,0,DRIVING,1.94
346397.814294,4070180.842622,0,DRIVING,1.94
346397.961225,4070180.981206,0,DRIVING,1.94
346398.108156,4070181.11979,0,DRIVING,1.94
346398.255087,4070181.258374,0,DRIVING,1.94
346398.402019,4070181.396958,0,DRIVING,1.94
346398.54895,4070181.535542,0,DRIVING,1.94
346398.695881,4070181.674126,0,DRIVING,1.94
346398.842812,4070181.81271,0,DRIVING,1.94
346398.989743,4070181.951294,0,DRIVING,1.94
346399.136675,4070182.089878,0,DRIVING,1.94
346399.283606,4070182.228462,0,DRIVING,1.94
346399.430537,4070182.367046,0,DRIVING,1.94
346399.577468,4070182.50563,0,DRIVING,1.94
346399.7244,4070182.644214,0,DRIVING,1.94
346399.871331,4070182.782798,0,DRIVING,1.94
346400.018262,4070182.921382,0,DRIVING,1.94
346400.165193,4070183.059966,0,DRIVING,1.94
346400.312124,4070183.19855,0,DRIVING,1.94
346400.459056,4070183.337134,0,DRIVING,1.94
346400.605987,4070183.475718,0,DRIVING,1.94
346400.752918,4070183.614302,0,DRIVING,1.94
346400.899849,4070183.752886,0,DRIVING,1.94
346401.04678,4070183.89147,0,DRIVING,1.94
346401.193712,4070184.030054,0,DRIVING,1.94
346401.340643,4070184.168638,0,DRIVING,1.94
346401.487574,4070184.307222,0,DRIVING,1.94
346401.634505,4070184.445806,0,DRIVING,1.94
346401.781436,4070184.58439,0,DRIVING,1.94
346401.928368,4070184.722973,0,DRIVING,1.94
346402.072768,4070184.863622,0,DRIVING,1.94
346402.217168,4070185.00427,0,DRIVING,1.94
346402.361568,4070185.144919,0,DRIVING,1.94
346402.505969,4070185.285567,0,DRIVING,1.94
346402.650369,4070185.426216,0,DRIVING,1.94
346402.794769,4070185.566864,0,DRIVING,1.94
346402.939169,4070185.707513,0,DRIVING,1.94
346403.08357,4070185.848161,0,DRIVING,1.94
346403.22797,4070185.98881,0,DRIVING,1.94
346403.37237,4070186.129458,0,DRIVING,1.94
346403.516771,4070186.270107,0,DRIVING,1.94
346403.661171,4070186.410755,0,DRIVING,1.94
346403.805571,4070186.551404,0,DRIVING,1.94
346403.949971,4070186.692052,0,DRIVING,1.94
346404.094372,4070186.832701,0,DRIVING,1.94
346404.238772,4070186.973349,0,DRIVING,1.94
346404.383172,4070187.113998,0,DRIVING,1.94
346404.527573,4070187.254646,0,DRIVING,1.94
346404.671973,4070187.395295,0,DRIVING,1.94
346404.816373,4070187.535943,0,DRIVING,1.94
346404.960773,4070187.676592,0,DRIVING,1.94
346405.105174,4070187.81724,0,DRIVING,1.94
346405.249574,4070187.957889,0,DRIVING,1.94
346405.393974,4070188.098537,0,DRIVING,1.94
346405.538374,4070188.239186,0,DRIVING,1.94
346405.682775,4070188.379834,0,DRIVING,1.94
346405.827175,4070188.520483,0,DRIVING,1.94
346405.971575,4070188.661131,0,DRIVING,1.94
346406.115976,4070188.80178,0,DRIVING,1.94
346406.260376,4070188.942428,0,DRIVING,1.94
346406.404776,4070189.083077,0,DRIVING,1.94
346406.549176,4070189.223725,0,DRIVING,1.94
346406.693577,4070189.364374,0,DRIVING,1.94
346406.837977,4070189.505022,0,DRIVING,1.94
346406.982377,4070189.645671,0,DRIVING,1.94
346407.126778,4070189.786319,0,DRIVING,1.94
346407.271178,4070189.926968,0,DRIVING,1.94
346407.415578,4070190.067616,0,DRIVING,1.94
346407.559978,4070190.208265,0,DRIVING,1.94
346407.704379,4070190.348913,0,DRIVING,1.94
346407.848779,4070190.489562,0,DRIVING,1.94
346407.993179,4070190.63021,0,DRIVING,1.94
346408.137579,4070190.770859,0,DRIVING,1.94
346408.28198,4070190.911507,0,DRIVING,1.94
346408.42638,4070191.052156,0,DRIVING,1.94
346408.57078,4070191.192804,0,DRIVING,1.94
346408.715181,4070191.333453,0,DRIVING,1.94
346408.859581,4070191.474101,0,DRIVING,1.94
346409.003981,4070191.61475,0,DRIVING,1.94
346409.148381,4070191.755398,0,DRIVING,1.94
346409.292782,4070191.896047,0,DRIVING,1.94
346409.437182,4070192.036695,0,DRIVING,1.94
346409.581582,4070192.177344,0,DRIVING,1.94
346409.725982,4070192.317992,0,DRIVING,1.94
346409.87522,4070192.457782,0,DRIVING,1.94
346410.024458,4070192.597571,0,DRIVING,1.94
346410.173696,4070192.737361,0,DRIVING,1.94
346410.322934,4070192.87715,0,DRIVING,1.94
346410.472172,4070193.01694,0,DRIVING,1.94
346410.62141,4070193.156729,0,DRIVING,1.94
346410.770648,4070193.296519,0,DRIVING,1.94
346410.919886,4070193.436309,0,DRIVING,1.94
346411.069123,4070193.576098,0,DRIVING,1.94
346411.218361,4070193.715888,0,DRIVING,1.94
346411.367599,4070193.855677,0,DRIVING,1.94
346411.516837,4070193.995467,0,DRIVING,1.94
346411.666075,4070194.135256,0,DRIVING,1.94
346411.815313,4070194.275046,0,DRIVING,1.94
346411.964551,4070194.414835,0,DRIVING,1.94
346412.113789,4070194.554625,0,DRIVING,1.94
346412.263026,4070194.694414,0,DRIVING,1.94
346412.412264,4070194.834204,0,DRIVING,1.94
346412.561502,4070194.973993,0,DRIVING,1.94
346412.71074,4070195.113783,0,DRIVING,1.94
346412.859978,4070195.253572,0,DRIVING,1.94
346413.009216,4070195.393362,0,DRIVING,1.94
346413.158454,4070195.533152,0,DRIVING,1.94
346413.307692,4070195.672941,0,DRIVING,1.94
346413.45693,4070195.812731,0,DRIVING,1.94
346413.606167,4070195.95252,0,DRIVING,1.94
346413.755405,4070196.09231,0,DRIVING,1.94
346413.904643,4070196.232099,0,DRIVING,1.94
346414.053881,4070196.371889,0,DRIVING,1.94
346414.203119,4070196.511678,0,DRIVING,1.94
346414.352357,4070196.651468,0,DRIVING,1.94
346414.501595,4070196.791257,0,DRIVING,1.94
346414.650833,4070196.931047,0,DRIVING,1.94
346414.80007,4070197.070836,0,DRIVING,1.94
346414.949308,4070197.210626,0,DRIVING,1.94
346415.098546,4070197.350415,0,DRIVING,1.94
346415.247784,4070197.490205,0,DRIVING,1.94
346415.390442,4070197.632316,0,DRIVING,1.94
346415.533101,4070197.774427,0,DRIVING,1.94
346415.675759,4070197.916538,0,DRIVING,1.94
346415.818418,4070198.05865,0,DRIVING,1.94
346415.961076,4070198.200761,0,DRIVING,1.94
346416.103734,4070198.342872,0,DRIVING,1.94
346416.246393,4070198.484983,0,DRIVING,1.94
346416.389051,4070198.627094,0,DRIVING,1.94
346416.53171,4070198.769205,0,DRIVING,1.94
346416.674368,4070198.911317,0,DRIVING,1.94
346416.817026,4070199.053428,0,DRIVING,1.94
346416.959685,4070199.195539,0,DRIVING,1.94
346417.102343,4070199.33765,0,DRIVING,1.94
346417.245002,4070199.479761,0,DRIVING,1.94
346417.38766,4070199.621872,0,DRIVING,1.94
346417.530318,4070199.763984,0,DRIVING,1.94
346417.672977,4070199.906095,0,DRIVING,1.94
346417.815635,4070200.048206,0,DRIVING,1.94
346417.958294,4070200.190317,0,DRIVING,1.94
346418.100952,4070200.332428,0,DRIVING,1.94
346418.24361,4070200.474539,0,DRIVING,1.94
346418.386269,4070200.616651,0,DRIVING,1.94
346418.528927,4070200.758762,0,DRIVING,1.94
346418.671585,4070200.900873,0,DRIVING,1.94
346418.814244,4070201.042984,0,DRIVING,1.94
346418.956902,4070201.185095,0,DRIVING,1.94
346419.099561,4070201.327206,0,DRIVING,1.94
346419.242219,4070201.469318,0,DRIVING,1.94
346419.384877,4070201.611429,0,DRIVING,1.94
346419.527536,4070201.75354,0,DRIVING,1.94
346419.670194,4070201.895651,0,DRIVING,1.94
346419.812853,4070202.037762,0,DRIVING,1.94
346419.955511,4070202.179873,0,DRIVING,1.94
346420.098169,4070202.321985,0,DRIVING,1.94
346420.240828,4070202.464096,0,DRIVING,1.94
346420.383486,4070202.606207,0,DRIVING,1.94
346420.526145,4070202.748318,0,DRIVING,1.94
346420.668803,4070202.890429,0,DRIVING,1.94
346420.811461,4070203.03254,0,DRIVING,1.94
346420.95412,4070203.174652,0,DRIVING,1.94
346421.096778,4070203.316763,0,DRIVING,1.94
346421.239436,4070203.458874,0,DRIVING,1.94
346421.382095,4070203.600985,0,DRIVING,1.94
346421.524753,4070203.743096,0,DRIVING,1.94
346421.667412,4070203.885207,0,DRIVING,1.94
346421.81007,4070204.027319,0,DRIVING,1.94
346421.952728,4070204.16943,0,DRIVING,1.94
346422.095387,4070204.311541,0,DRIVING,1.94
346422.238045,4070204.453652,0,DRIVING,1.94
346422.380704,4070204.595763,0,DRIVING,1.94
346422.523362,4070204.737874,0,DRIVING,1.94
346422.66602,4070204.879986,0,DRIVING,1.94
346422.808679,4070205.022097,0,DRIVING,1.94
346422.951337,4070205.164208,0,DRIVING,1.94
346423.093996,4070205.306319,0,DRIVING,1.94
346423.240088,4070205.443777,0,DRIVING,1.94
346423.38618,4070205.581235,0,DRIVING,1.94
346423.532273,4070205.718694,0,DRIVING,1.94
346423.678365,4070205.856152,0,DRIVING,1.94
346423.824457,4070205.99361,0,DRIVING,1.94
346423.970549,4070206.131068,0,DRIVING,1.94
346424.116642,4070206.268526,0,DRIVING,1.94
346424.262734,4070206.405984,0,DRIVING,1.94
346424.408826,4070206.543443,0,DRIVING,1.94
346424.554919,4070206.680901,0,DRIVING,1.94
346424.701011,4070206.818359,0,DRIVING,1.94
346424.847103,4070206.955817,0,DRIVING,1.94
346424.993196,4070207.093275,0,DRIVING,1.94
346425.139288,4070207.230733,0,DRIVING,1.94
346425.28538,4070207.368192,0,DRIVING,1.94
346425.431473,4070207.50565,0,DRIVING,1.94
346425.577565,4070207.643108,0,DRIVING,1.94
346425.723657,4070207.780566,0,DRIVING,1.94
346425.86975,4070207.918024,0,DRIVING,1.94
346426.015842,4070208.055482,0,DRIVING,1.94
346426.161934,4070208.19294,0,DRIVING,1.94
346426.308026,4070208.330399,0,DRIVING,1.94
346426.454119,4070208.467857,0,DRIVING,1.94
346426.600211,4070208.605315,0,DRIVING,1.94
346426.746303,4070208.742773,0,DRIVING,1.94
346426.892396,4070208.880231,0,DRIVING,1.94
346427.038488,4070209.017689,0,DRIVING,1.94
346427.18458,4070209.155148,0,DRIVING,1.94
346427.330673,4070209.292606,0,DRIVING,1.94
346427.476765,4070209.430064,0,DRIVING,1.94
346427.622857,4070209.567522,0,DRIVING,1.94
346427.76895,4070209.70498,0,DRIVING,1.94
346427.915042,4070209.842438,0,DRIVING,1.94
346428.061134,4070209.979896,0,DRIVING,1.94
346428.207227,4070210.117355,0,DRIVING,1.94
346428.353319,4070210.254813,0,DRIVING,1.94
346428.499411,4070210.392271,0,DRIVING,1.94
346428.645504,4070210.529729,0,DRIVING,1.94
346428.791596,4070210.667187,0,DRIVING,1.94
346428.937688,4070210.804645,0,DRIVING,1.94
346429.08378,4070210.942104,0,DRIVING,1.94
346429.229873,4070211.079562,0,DRIVING,1.94
346429.375965,4070211.21702,0,DRIVING,1.94
346429.522057,4070211.354478,0,DRIVING,1.94
346429.66815,4070211.491936,0,DRIVING,1.94
346429.814242,4070211.629394,0,DRIVING,1.94
346429.960334,4070211.766852,0,DRIVING,1.94
346430.106427,4070211.904311,0,DRIVING,1.94
346430.252519,4070212.041769,0,DRIVING,1.94
346430.398611,4070212.179227,0,DRIVING,1.94
346430.544704,4070212.316685,0,DRIVING,1.94
346430.690796,4070212.454143,0,DRIVING,1.94
346430.836888,4070212.591601,0,DRIVING,1.94
346430.982981,4070212.72906,0,DRIVING,1.94
346431.129073,4070212.866518,0,DRIVING,1.94
346431.275165,4070213.003976,0,DRIVING,1.94
346431.421257,4070213.141434,0,DRIVING,1.94
346431.56735,4070213.278892,0,DRIVING,1.94
346431.713442,4070213.41635,0,DRIVING,1.94
346431.859534,4070213.553809,0,DRIVING,1.94
346432.005627,4070213.691267,0,DRIVING,1.94
346432.151719,4070213.828725,0,DRIVING,1.94
346432.297811,4070213.966183,0,DRIVING,1.94
346432.443904,4070214.103641,0,DRIVING,1.94
346432.589996,4070214.241099,0,DRIVING,1.94
346432.736088,4070214.378557,0,DRIVING,1.94
346432.882181,4070214.516016,0,DRIVING,1.94
346433.028273,4070214.653474,0,DRIVING,1.94
346433.174365,4070214.790932,0,DRIVING,1.94
346433.320458,4070214.92839,0,DRIVING,1.94
346433.46655,4070215.065848,0,DRIVING,1.94
346433.612642,4070215.203306,0,DRIVING,1.94
346433.758734,4070215.340765,0,DRIVING,1.94
346433.904827,4070215.478223,0,DRIVING,1.94
346434.050919,4070215.615681,0,DRIVING,1.94
346434.197011,4070215.753139,0,DRIVING,1.94
346434.343104,4070215.890597,0,DRIVING,1.94
346434.489196,4070216.028055,0,DRIVING,1.94
346434.635288,4070216.165513,0,DRIVING,1.94
346434.781381,4070216.302972,0,DRIVING,1.94
346434.927473,4070216.44043,0,DRIVING,1.94
346435.073565,4070216.577888,0,DRIVING,1.94
346435.219658,4070216.715346,0,DRIVING,1.94
346435.36575,4070216.852804,0,DRIVING,1.94
346435.511842,4070216.990262,0,DRIVING,1.94
346435.657935,4070217.127721,0,DRIVING,1.94
346435.804027,4070217.265179,0,DRIVING,1.94
346435.950119,4070217.402637,0,DRIVING,1.94
346436.096212,4070217.540095,0,DRIVING,1.94
346436.242304,4070217.677553,0,DRIVING,1.94
346436.388396,4070217.815011,0,DRIVING,1.94
346436.534488,4070217.952469,0,DRIVING,1.94
346436.680581,4070218.089928,0,DRIVING,1.94
346436.826673,4070218.227386,0,DRIVING,1.94
346436.972765,4070218.364844,0,DRIVING,1.94
346437.118858,4070218.502302,0,DRIVING,1.94
346437.26495,4070218.63976,0,DRIVING,1.94
346437.411042,4070218.777218,0,DRIVING,1.94
346437.557135,4070218.914677,0,DRIVING,1.94
346437.703227,4070219.052135,0,DRIVING,1.94
346437.849319,4070219.189593,0,DRIVING,1.94
346437.995412,4070219.327051,0,DRIVING,1.94
346438.141504,4070219.464509,0,DRIVING,1.94
346438.287596,4070219.601967,0,DRIVING,1.94
346438.433689,4070219.739426,0,DRIVING,1.94
346438.579781,4070219.876884,0,DRIVING,1.94
346438.729447,4070220.012665,0,DRIVING,1.94
346438.879114,4070220.148445,0,DRIVING,1.94
346439.028781,4070220.284226,0,DRIVING,1.94
346439.178447,4070220.420007,0,DRIVING,1.94
346439.328114,4070220.555788,0,DRIVING,1.94
346439.47778,4070220.691569,0,DRIVING,1.94
346439.627447,4070220.82735,0,DRIVING,1.94
346439.777113,4070220.96313,0,DRIVING,1.94
346439.92678,4070221.098911,0,DRIVING,1.94
346440.076447,4070221.234692,0,DRIVING,1.94
346440.226113,4070221.370473,0,DRIVING,1.94
346440.37578,4070221.506254,0,DRIVING,1.94
346440.525446,4070221.642035,0,DRIVING,1.94
346440.675113,4070221.777815,0,DRIVING,1.94
346440.824779,4070221.913596,0,DRIVING,1.94
346440.974446,4070222.049377,0,DRIVING,1.94
346441.124113,4070222.185158,0,DRIVING,1.94
346441.273779,4070222.320939,0,DRIVING,1.94
346441.423446,4070222.45672,0,DRIVING,1.94
346441.573112,4070222.5925,0,DRIVING,1.94
346441.722779,4070222.728281,0,DRIVING,1.94
346441.872445,4070222.864062,0,DRIVING,1.94
346442.022112,4070222.999843,0,DRIVING,1.94
346442.171779,4070223.135624,0,DRIVING,1.94
346442.321445,4070223.271405,0,DRIVING,1.94
346442.471112,4070223.407185,0,DRIVING,1.94
346442.620778,4070223.542966,0,DRIVING,1.94
346442.770445,4070223.678747,0,DRIVING,1.94
346442.920111,4070223.814528,0,DRIVING,1.94
346443.069778,4070223.950309,0,DRIVING,1.94
346443.219445,4070224.08609,0,DRIVING,1.94
346443.369111,4070224.22187,0,DRIVING,1.94
346443.518778,4070224.357651,0,DRIVING,1.94
346443.668444,4070224.493432,0,DRIVING,1.94
346443.818111,4070224.629213,0,DRIVING,1.94
346443.967778,4070224.764994,0,DRIVING,1.94
346444.117444,4070224.900775,0,DRIVING,1.94
346444.267111,4070225.036555,0,DRIVING,1.94
346444.416777,4070225.172336,0,DRIVING,1.94
346444.566444,4070225.308117,0,DRIVING,1.94
346444.71611,4070225.443898,0,DRIVING,1.94
346444.865777,4070225.579679,0,DRIVING,1.94
346445.015444,4070225.71546,0,DRIVING,1.94
346445.16511,4070225.85124,0,DRIVING,1.94
346445.314777,4070225.987021,0,DRIVING,1.94
346445.464443,4070226.122802,0,DRIVING,1.94
346445.61411,4070226.258583,0,DRIVING,1.94
346445.763776,4070226.394364,0,DRIVING,1.94
346445.913443,4070226.530145,0,DRIVING,1.94
346446.06311,4070226.665925,0,DRIVING,1.94
346446.212776,4070226.801706,0,DRIVING,1.94
346446.362443,4070226.937487,0,DRIVING,1.94
346446.512109,4070227.073268,0,DRIVING,1.94
346446.661776,4070227.209049,0,DRIVING,1.94
346446.811442,4070227.34483,0,DRIVING,1.94
346446.961109,4070227.48061,0,DRIVING,1.94
346447.110776,4070227.616391,0,DRIVING,1.94
346447.260442,4070227.752172,0,DRIVING,1.94
346447.410109,4070227.887953,0,DRIVING,1.94
346447.559775,4070228.023734,0,DRIVING,1.94
346447.709442,4070228.159515,0,DRIVING,1.94
346447.859108,4070228.295295,0,DRIVING,1.94
346448.008775,4070228.431076,0,DRIVING,1.94
346448.158442,4070228.566857,0,DRIVING,1.94
346448.308108,4070228.702638,0,DRIVING,1.94
346448.457775,4070228.838419,0,DRIVING,1.94
346448.607441,4070228.9742,0,DRIVING,1.94
346448.757108,4070229.10998,0,DRIVING,1.94
346448.906774,4070229.245761,0,DRIVING,1.94
346449.056441,4070229.381542,0,DRIVING,1.94
346449.206108,4070229.517323,0,DRIVING,1.94
346449.355774,4070229.653104,0,DRIVING,1.94
346449.505441,4070229.788885,0,DRIVING,1.94
346449.655107,4070229.924665,0,DRIVING,1.94
346449.804774,4070230.060446,0,DRIVING,1.94
346449.95444,4070230.196227,0,DRIVING,1.94
346450.104107,4070230.332008,0,DRIVING,1.94
346450.253774,4070230.467789,0,DRIVING,1.94
346450.40344,4070230.60357,0,DRIVING,1.94
346450.553107,4070230.73935,0,DRIVING,1.94
346450.702773,4070230.875131,0,DRIVING,1.94
346450.85244,4070231.010912,0,DRIVING,1.94
346451.002106,4070231.146693,0,DRIVING,1.94
346451.151773,4070231.282474,0,DRIVING,1.94
346451.30144,4070231.418255,0,DRIVING,1.94
346451.451106,4070231.554035,0,DRIVING,1.94
346451.600773,4070231.689816,0,DRIVING,1.94
346451.750439,4070231.825597,0,DRIVING,1.94
346451.983912,4070231.899085,0,DRIVING,1.94
346452.235236,4070231.972252,0,DRIVING,1.94
346452.486561,4070232.045419,0,DRIVING,1.94
346452.716194,4070232.070886,0,DRIVING,1.94
346452.945827,4070232.096352,0,DRIVING,1.94
346453.17546,4070232.121818,0,DRIVING,1.94
346453.390016,4070232.136458,0,DRIVING,1.94
346453.604573,4070232.151097,0,DRIVING,1.94
346453.81913,4070232.165736,0,DRIVING,1.94
346454.07412,4070232.194446,0,DRIVING,1.94
346454.329109,4070232.223156,0,DRIVING,1.94
346454.579636,4070232.251946,0,DRIVING,1.94
346454.830163,4070232.280736,0,DRIVING,1.94
346455.093181,4070232.25936,0,DRIVING,1.94
346455.356199,4070232.237985,0,DRIVING,1.94
346455.632407,4070232.205275,0,DRIVING,1.94
346455.908615,4070232.172565,0,DRIVING,1.94
346456.130609,4070232.104207,0,DRIVING,1.94
346456.352602,4070232.035848,0,DRIVING,1.94
346456.574596,4070231.967489,0,DRIVING,1.94
346456.796589,4070231.899131,0,DRIVING,1.94
346457.018583,4070231.830772,0,DRIVING,1.94
346457.201625,4070231.747947,0,DRIVING,1.94
346457.384666,4070231.665121,0,DRIVING,1.94
346457.567708,4070231.582296,0,DRIVING,1.94
346457.75075,4070231.49947,0,DRIVING,1.94
346457.933791,4070231.416645,0,DRIVING,1.94
346458.116833,4070231.333819,0,DRIVING,1.94
346458.314502,4070231.20375,0,DRIVING,1.94
346458.512171,4070231.07368,0,DRIVING,1.94
346458.70984,4070230.943611,0,DRIVING,1.94
346458.907509,4070230.813541,0,DRIVING,1.94
346459.105179,4070230.683472,0,DRIVING,1.94
346459.256082,4070230.551284,0,DRIVING,1.94
346459.406985,4070230.419095,0,DRIVING,1.94
346459.557888,4070230.286907,0,DRIVING,1.94
346459.708791,4070230.154719,0,DRIVING,1.94
346459.859694,4070230.022531,0,DRIVING,1.94
346460.010598,4070229.890343,0,DRIVING,1.94
346460.155527,4070229.734384,0,DRIVING,1.94
346460.300456,4070229.578426,0,DRIVING,1.94
346460.445385,4070229.422468,0,DRIVING,1.94
346460.590314,4070229.26651,0,DRIVING,1.94
346460.735244,4070229.110552,0,DRIVING,1.94
346460.880173,4070228.954594,0,DRIVING,1.94
346461.025102,4070228.798636,0,DRIVING,1.94
346461.170031,4070228.642678,0,DRIVING,1.94
346461.31496,4070228.486719,0,DRIVING,1.94
346461.459889,4070228.330761,0,DRIVING,1.94
346461.604819,4070228.174803,0,DRIVING,1.94
346461.753175,4070228.028873,0,DRIVING,1.94
346461.901531,4070227.882942,0,DRIVING,1.94
346462.049888,4070227.737011,0,DRIVING,1.94
346462.198244,4070227.59108,0,DRIVING,1.94
346462.3466,4070227.44515,0,DRIVING,1.94
346462.494957,4070227.299219,0,DRIVING,1.94
346462.643313,4070227.153288,0,DRIVING,1.94
346462.79167,4070227.007358,0,DRIVING,1.94
346462.940026,4070226.861427,0,DRIVING,1.94
346463.088382,4070226.715496,0,DRIVING,1.94
346463.236739,4070226.569566,0,DRIVING,1.94
346463.379341,4070226.406083,0,DRIVING,1.94
346463.521943,4070226.2426,0,DRIVING,1.94
346463.664546,4070226.079117,0,DRIVING,1.94
346463.807148,4070225.915634,0,DRIVING,1.94
346463.949751,4070225.752151,0,DRIVING,1.94
346464.092353,4070225.588668,0,DRIVING,1.94
346464.234955,4070225.425185,0,DRIVING,1.94
346464.377558,4070225.261702,0,DRIVING,1.94
346464.52016,4070225.098219,0,DRIVING,1.94
346464.662763,4070224.934736,0,DRIVING,1.94
346464.808422,4070224.792284,0,DRIVING,1.94
346464.954081,4070224.649832,0,DRIVING,1.94
346465.09974,4070224.50738,0,DRIVING,1.94
346465.245399,4070224.364928,0,DRIVING,1.94
346465.391058,4070224.222476,0,DRIVING,1.94
346465.536718,4070224.080024,0,DRIVING,1.94
346465.682377,4070223.937572,0,DRIVING,1.94
346465.828036,4070223.795121,0,DRIVING,1.94
346465.973695,4070223.652669,0,DRIVING,1.94
346466.119354,4070223.510217,0,DRIVING,1.94
346466.255918,4070223.358495,0,DRIVING,1.94
346466.392482,4070223.206774,0,DRIVING,1.94
346466.529045,4070223.055052,0,DRIVING,1.94
346466.665609,4070222.90333,0,DRIVING,1.94
346466.802173,4070222.751609,0,DRIVING,1.94
346466.938736,4070222.599887,0,DRIVING,1.94
346467.0753,4070222.448166,0,DRIVING,1.94
346467.211864,4070222.296444,0,DRIVING,1.94
346467.348428,4070222.144723,0,DRIVING,1.94
346467.484991,4070221.993001,0,DRIVING,1.94
346467.621555,4070221.841279,0,DRIVING,1.94
346467.758119,4070221.689558,0,DRIVING,1.94
346467.894682,4070221.537836,0,DRIVING,1.94
346468.031246,4070221.386115,0,DRIVING,1.94
346468.16781,4070221.234393,0,DRIVING,1.94
346468.304373,4070221.082672,0,DRIVING,1.94
346468.440937,4070220.93095,0,DRIVING,1.94
346468.577501,4070220.779228,0,DRIVING,1.94
346468.714065,4070220.627507,0,DRIVING,1.94
346468.850628,4070220.475785,0,DRIVING,1.94
346468.99347,4070220.325616,0,DRIVING,1.94
346469.136312,4070220.175446,0,DRIVING,1.94
346469.279154,4070220.025276,0,DRIVING,1.94
346469.421996,4070219.875106,0,DRIVING,1.94
346469.564838,4070219.724937,0,DRIVING,1.94
346469.70768,4070219.574767,0,DRIVING,1.94
346469.850522,4070219.424597,0,DRIVING,1.94
346469.993364,4070219.274428,0,DRIVING,1.94
346470.136206,4070219.124258,0,DRIVING,1.94
346470.279048,4070218.974088,0,DRIVING,1.94
346470.421889,4070218.823919,0,DRIVING,1.94
346470.564731,4070218.673749,0,DRIVING,1.94
346470.707573,4070218.523579,0,DRIVING,1.94
346470.850415,4070218.37341,0,DRIVING,1.94
346470.993257,4070218.22324,0,DRIVING,1.94
346471.136099,4070218.07307,0,DRIVING,1.94
346471.278941,4070217.9229,0,DRIVING,1.94
346471.421783,4070217.772731,0,DRIVING,1.94
346471.564625,4070217.622561,0,STOP,3
346471.707467,4070217.472391,0,DRIVING,0
